Date_reported,Country_code,Country,WHO_region,New_cases,Cumulative_cases,New_deaths,Cumulative_deaths
2020-01-03,SE,Sweden,EURO,0,0,0,0
2020-01-04,SE,Sweden,EURO,0,0,0,0
2020-01-05,SE,Sweden,EURO,0,0,0,0
2020-01-06,SE,Sweden,EURO,0,0,0,0
2020-01-07,SE,Sweden,EURO,0,0,0,0
2020-01-08,SE,Sweden,EURO,0,0,0,0
2020-01-09,SE,Sweden,EURO,0,0,0,0
2020-01-10,SE,Sweden,EURO,0,0,0,0
2020-01-11,SE,Sweden,EURO,0,0,0,0
2020-01-12,SE,Sweden,EURO,0,0,0,0
2020-01-13,SE,Sweden,EURO,0,0,0,0
2020-01-14,SE,Sweden,EURO,0,0,0,0
2020-01-15,SE,Sweden,EURO,0,0,0,0
2020-01-16,SE,Sweden,EURO,0,0,0,0
2020-01-17,SE,Sweden,EURO,0,0,0,0
2020-01-18,SE,Sweden,EURO,0,0,0,0
2020-01-19,SE,Sweden,EURO,0,0,0,0
2020-01-20,SE,Sweden,EURO,0,0,0,0
2020-01-21,SE,Sweden,EURO,0,0,0,0
2020-01-22,SE,Sweden,EURO,0,0,0,0
2020-01-23,SE,Sweden,EURO,0,0,0,0
2020-01-24,SE,Sweden,EURO,0,0,0,0
2020-01-25,SE,Sweden,EURO,0,0,0,0
2020-01-26,SE,Sweden,EURO,0,0,0,0
2020-01-27,SE,Sweden,EURO,0,0,0,0
2020-01-28,SE,Sweden,EURO,0,0,0,0
2020-01-29,SE,Sweden,EURO,0,0,0,0
2020-01-30,SE,Sweden,EURO,0,0,0,0
2020-01-31,SE,Sweden,EURO,1,1,0,0
2020-02-01,SE,Sweden,EURO,0,1,0,0
2020-02-02,SE,Sweden,EURO,0,1,0,0
2020-02-03,SE,Sweden,EURO,0,1,0,0
2020-02-04,SE,Sweden,EURO,0,1,0,0
2020-02-05,SE,Sweden,EURO,0,1,0,0
2020-02-06,SE,Sweden,EURO,0,1,0,0
2020-02-07,SE,Sweden,EURO,0,1,0,0
2020-02-08,SE,Sweden,EURO,0,1,0,0
2020-02-09,SE,Sweden,EURO,0,1,0,0
2020-02-10,SE,Sweden,EURO,0,1,0,0
2020-02-11,SE,Sweden,EURO,0,1,0,0
2020-02-12,SE,Sweden,EURO,0,1,0,0
2020-02-13,SE,Sweden,EURO,0,1,0,0
2020-02-14,SE,Sweden,EURO,0,1,0,0
2020-02-15,SE,Sweden,EURO,0,1,0,0
2020-02-16,SE,Sweden,EURO,0,1,0,0
2020-02-17,SE,Sweden,EURO,0,1,0,0
2020-02-18,SE,Sweden,EURO,0,1,0,0
2020-02-19,SE,Sweden,EURO,0,1,0,0
2020-02-20,SE,Sweden,EURO,0,1,0,0
2020-02-21,SE,Sweden,EURO,0,1,0,0
2020-02-22,SE,Sweden,EURO,0,1,0,0
2020-02-23,SE,Sweden,EURO,0,1,0,0
2020-02-24,SE,Sweden,EURO,0,1,0,0
2020-02-25,SE,Sweden,EURO,0,1,0,0
2020-02-26,SE,Sweden,EURO,0,1,0,0
2020-02-27,SE,Sweden,EURO,0,1,0,0
2020-02-28,SE,Sweden,EURO,1,2,0,0
2020-02-29,SE,Sweden,EURO,1,3,0,0
2020-03-01,SE,Sweden,EURO,8,11,0,0
2020-03-02,SE,Sweden,EURO,3,14,0,0
2020-03-03,SE,Sweden,EURO,0,14,0,0
2020-03-04,SE,Sweden,EURO,5,19,0,0
2020-03-05,SE,Sweden,EURO,13,32,0,0
2020-03-06,SE,Sweden,EURO,30,62,0,0
2020-03-07,SE,Sweden,EURO,25,87,0,0
2020-03-08,SE,Sweden,EURO,59,146,0,0
2020-03-09,SE,Sweden,EURO,33,179,0,0
2020-03-10,SE,Sweden,EURO,46,225,0,0
2020-03-11,SE,Sweden,EURO,101,326,0,0
2020-03-12,SE,Sweden,EURO,98,424,1,1
2020-03-13,SE,Sweden,EURO,196,620,0,1
2020-03-14,SE,Sweden,EURO,151,771,0,1
2020-03-15,SE,Sweden,EURO,152,923,1,2
2020-03-16,SE,Sweden,EURO,71,994,1,3
2020-03-17,SE,Sweden,EURO,69,1063,2,5
2020-03-18,SE,Sweden,EURO,83,1146,2,7
2020-03-19,SE,Sweden,EURO,119,1265,1,8
2020-03-20,SE,Sweden,EURO,145,1410,6,14
2020-03-21,SE,Sweden,EURO,143,1553,7,21
2020-03-22,SE,Sweden,EURO,180,1733,9,30
2020-03-23,SE,Sweden,EURO,136,1869,8,38
2020-03-24,SE,Sweden,EURO,118,1987,11,49
2020-03-25,SE,Sweden,EURO,182,2169,11,60
2020-03-26,SE,Sweden,EURO,230,2399,21,81
2020-03-27,SE,Sweden,EURO,314,2713,22,103
2020-03-28,SE,Sweden,EURO,286,2999,31,134
2020-03-29,SE,Sweden,EURO,365,3364,32,166
2020-03-30,SE,Sweden,EURO,300,3664,35,201
2020-03-31,SE,Sweden,EURO,280,3944,38,239
2020-04-01,SE,Sweden,EURO,416,4360,45,284
2020-04-02,SE,Sweden,EURO,474,4834,48,332
2020-04-03,SE,Sweden,EURO,486,5320,53,385
2020-04-04,SE,Sweden,EURO,554,5874,70,455
2020-04-05,SE,Sweden,EURO,602,6476,80,535
2020-04-06,SE,Sweden,EURO,357,6833,70,605
2020-04-07,SE,Sweden,EURO,340,7173,85,690
2020-04-08,SE,Sweden,EURO,389,7562,90,780
2020-04-09,SE,Sweden,EURO,739,8301,84,864
2020-04-10,SE,Sweden,EURO,654,8955,159,1023
2020-04-11,SE,Sweden,EURO,645,9600,86,1109
2020-04-12,SE,Sweden,EURO,454,10054,90,1199
2020-04-13,SE,Sweden,EURO,395,10449,102,1301
2020-04-14,SE,Sweden,EURO,464,10913,97,1398
2020-04-15,SE,Sweden,EURO,437,11350,84,1482
2020-04-16,SE,Sweden,EURO,479,11829,91,1573
2020-04-17,SE,Sweden,EURO,604,12433,115,1688
2020-04-18,SE,Sweden,EURO,623,13056,111,1799
2020-04-19,SE,Sweden,EURO,689,13745,83,1882
2020-04-20,SE,Sweden,EURO,532,14277,86,1968
2020-04-21,SE,Sweden,EURO,388,14665,87,2055
2020-04-22,SE,Sweden,EURO,461,15126,85,2140
2020-04-23,SE,Sweden,EURO,707,15833,62,2202
2020-04-24,SE,Sweden,EURO,723,16556,77,2279
2020-04-25,SE,Sweden,EURO,758,17314,86,2365
2020-04-26,SE,Sweden,EURO,781,18095,89,2454
2020-04-27,SE,Sweden,EURO,473,18568,73,2527
2020-04-28,SE,Sweden,EURO,300,18868,74,2601
2020-04-29,SE,Sweden,EURO,563,19431,74,2675
2020-04-30,SE,Sweden,EURO,742,20173,83,2758
2020-05-01,SE,Sweden,EURO,799,20972,83,2841
2020-05-02,SE,Sweden,EURO,636,21608,78,2919
2020-05-03,SE,Sweden,EURO,532,22140,78,2997
2020-05-04,SE,Sweden,EURO,299,22439,72,3069
2020-05-05,SE,Sweden,EURO,261,22700,75,3144
2020-05-06,SE,Sweden,EURO,477,23177,83,3227
2020-05-07,SE,Sweden,EURO,657,23834,72,3299
2020-05-08,SE,Sweden,EURO,745,24579,73,3372
2020-05-09,SE,Sweden,EURO,785,25364,80,3452
2020-05-10,SE,Sweden,EURO,701,26065,60,3512
2020-05-11,SE,Sweden,EURO,509,26574,68,3580
2020-05-12,SE,Sweden,EURO,279,26853,73,3653
2020-05-13,SE,Sweden,EURO,455,27308,65,3718
2020-05-14,SE,Sweden,EURO,754,28062,61,3779
2020-05-15,SE,Sweden,EURO,698,28760,50,3829
2020-05-16,SE,Sweden,EURO,657,29417,46,3875
2020-05-17,SE,Sweden,EURO,688,30105,58,3933
2020-05-18,SE,Sweden,EURO,358,30463,48,3981
2020-05-19,SE,Sweden,EURO,259,30722,52,4033
2020-05-20,SE,Sweden,EURO,430,31152,59,4092
2020-05-21,SE,Sweden,EURO,666,31818,41,4133
2020-05-22,SE,Sweden,EURO,808,32626,52,4185
2020-05-23,SE,Sweden,EURO,610,33236,53,4238
2020-05-24,SE,Sweden,EURO,532,33768,56,4294
2020-05-25,SE,Sweden,EURO,403,34171,55,4349
2020-05-26,SE,Sweden,EURO,210,34381,44,4393
2020-05-27,SE,Sweden,EURO,490,34871,42,4435
2020-05-28,SE,Sweden,EURO,746,35617,28,4463
2020-05-29,SE,Sweden,EURO,800,36417,38,4501
2020-05-30,SE,Sweden,EURO,774,37191,40,4541
2020-05-31,SE,Sweden,EURO,773,37964,40,4581
2020-06-01,SE,Sweden,EURO,432,38396,38,4619
2020-06-02,SE,Sweden,EURO,265,38661,46,4665
2020-06-03,SE,Sweden,EURO,648,39309,39,4704
2020-06-04,SE,Sweden,EURO,900,40209,36,4740
2020-06-05,SE,Sweden,EURO,1046,41255,28,4768
2020-06-06,SE,Sweden,EURO,1039,42294,44,4812
2020-06-07,SE,Sweden,EURO,1146,43440,37,4849
2020-06-08,SE,Sweden,EURO,780,44220,29,4878
2020-06-09,SE,Sweden,EURO,462,44682,33,4911
2020-06-10,SE,Sweden,EURO,677,45359,38,4949
2020-06-11,SE,Sweden,EURO,937,46296,33,4982
2020-06-12,SE,Sweden,EURO,1437,47733,39,5021
2020-06-13,SE,Sweden,EURO,1293,49026,35,5056
2020-06-14,SE,Sweden,EURO,1329,50355,29,5085
2020-06-15,SE,Sweden,EURO,1032,51387,33,5118
2020-06-16,SE,Sweden,EURO,418,51805,27,5145
2020-06-17,SE,Sweden,EURO,685,52490,30,5175
2020-06-18,SE,Sweden,EURO,1209,53699,28,5203
2020-06-19,SE,Sweden,EURO,1457,55156,32,5235
2020-06-20,SE,Sweden,EURO,1494,56650,29,5264
2020-06-21,SE,Sweden,EURO,1209,57859,30,5294
2020-06-22,SE,Sweden,EURO,698,58557,29,5323
2020-06-23,SE,Sweden,EURO,321,58878,22,5345
2020-06-24,SE,Sweden,EURO,800,59678,20,5365
2020-06-25,SE,Sweden,EURO,1309,60987,25,5390
2020-06-26,SE,Sweden,EURO,1696,62683,22,5412
2020-06-27,SE,Sweden,EURO,1276,63959,23,5435
2020-06-28,SE,Sweden,EURO,1204,65163,11,5446
2020-06-29,SE,Sweden,EURO,755,65918,14,5460
2020-06-30,SE,Sweden,EURO,415,66333,23,5483
2020-07-01,SE,Sweden,EURO,726,67059,16,5499
2020-07-02,SE,Sweden,EURO,808,67867,20,5519
2020-07-03,SE,Sweden,EURO,685,68552,15,5534
2020-07-04,SE,Sweden,EURO,687,69239,15,5549
2020-07-05,SE,Sweden,EURO,694,69933,8,5557
2020-07-06,SE,Sweden,EURO,364,70297,15,5572
2020-07-07,SE,Sweden,EURO,315,70612,9,5581
2020-07-08,SE,Sweden,EURO,251,70863,15,5596
2020-07-09,SE,Sweden,EURO,278,71141,12,5608
2020-07-10,SE,Sweden,EURO,533,71674,10,5618
2020-07-11,SE,Sweden,EURO,334,72008,15,5633
2020-07-12,SE,Sweden,EURO,369,72377,14,5647
2020-07-13,SE,Sweden,EURO,308,72685,10,5657
2020-07-14,SE,Sweden,EURO,106,72791,8,5665
2020-07-15,SE,Sweden,EURO,170,72961,12,5677
2020-07-16,SE,Sweden,EURO,312,73273,8,5685
2020-07-17,SE,Sweden,EURO,287,73560,6,5691
2020-07-18,SE,Sweden,EURO,268,73828,6,5697
2020-07-19,SE,Sweden,EURO,284,74112,7,5704
2020-07-20,SE,Sweden,EURO,191,74303,11,5715
2020-07-21,SE,Sweden,EURO,110,74413,7,5722
2020-07-22,SE,Sweden,EURO,131,74544,6,5728
2020-07-23,SE,Sweden,EURO,226,74770,7,5735
2020-07-24,SE,Sweden,EURO,297,75067,6,5741
2020-07-25,SE,Sweden,EURO,220,75287,5,5746
2020-07-26,SE,Sweden,EURO,262,75549,3,5749
2020-07-27,SE,Sweden,EURO,138,75687,1,5750
2020-07-28,SE,Sweden,EURO,42,75729,2,5752
2020-07-29,SE,Sweden,EURO,71,75800,6,5758
2020-07-30,SE,Sweden,EURO,283,76083,4,5762
2020-07-31,SE,Sweden,EURO,301,76384,1,5763
2020-08-01,SE,Sweden,EURO,302,76686,0,5763
2020-08-02,SE,Sweden,EURO,258,76944,2,5765
2020-08-03,SE,Sweden,EURO,303,77247,2,5767
2020-08-04,SE,Sweden,EURO,38,77285,3,5770
2020-08-05,SE,Sweden,EURO,165,77450,4,5774
2020-08-06,SE,Sweden,EURO,333,77783,2,5776
2020-08-07,SE,Sweden,EURO,425,78208,1,5777
2020-08-08,SE,Sweden,EURO,378,78586,4,5781
2020-08-09,SE,Sweden,EURO,380,78966,2,5783
2020-08-10,SE,Sweden,EURO,260,79226,1,5784
2020-08-11,SE,Sweden,EURO,73,79299,4,5788
2020-08-12,SE,Sweden,EURO,196,79495,2,5790
2020-08-13,SE,Sweden,EURO,417,79912,4,5794
2020-08-14,SE,Sweden,EURO,443,80355,3,5797
2020-08-15,SE,Sweden,EURO,363,80718,5,5802
2020-08-16,SE,Sweden,EURO,344,81062,1,5803
2020-08-17,SE,Sweden,EURO,226,81288,1,5804
2020-08-18,SE,Sweden,EURO,63,81351,0,5804
2020-08-19,SE,Sweden,EURO,174,81525,3,5807
2020-08-20,SE,Sweden,EURO,314,81839,4,5811
2020-08-21,SE,Sweden,EURO,351,82190,1,5812
2020-08-22,SE,Sweden,EURO,333,82523,2,5814
2020-08-23,SE,Sweden,EURO,298,82821,5,5819
2020-08-24,SE,Sweden,EURO,160,82981,1,5820
2020-08-25,SE,Sweden,EURO,57,83038,3,5823
2020-08-26,SE,Sweden,EURO,174,83212,1,5824
2020-08-27,SE,Sweden,EURO,222,83434,1,5825
2020-08-28,SE,Sweden,EURO,244,83678,2,5827
2020-08-29,SE,Sweden,EURO,202,83880,1,5828
2020-08-30,SE,Sweden,EURO,179,84059,1,5829
2020-08-31,SE,Sweden,EURO,131,84190,1,5830
2020-09-01,SE,Sweden,EURO,48,84238,3,5833
2020-09-02,SE,Sweden,EURO,162,84400,2,5835
2020-09-03,SE,Sweden,EURO,171,84571,3,5838
2020-09-04,SE,Sweden,EURO,213,84784,2,5840
2020-09-05,SE,Sweden,EURO,286,85070,2,5842
2020-09-06,SE,Sweden,EURO,262,85332,0,5842
2020-09-07,SE,Sweden,EURO,171,85503,0,5842
2020-09-08,SE,Sweden,EURO,67,85570,3,5845
2020-09-09,SE,Sweden,EURO,185,85755,1,5846
2020-09-10,SE,Sweden,EURO,236,85991,1,5847
2020-09-11,SE,Sweden,EURO,314,86305,2,5849
2020-09-12,SE,Sweden,EURO,254,86559,2,5851
2020-09-13,SE,Sweden,EURO,291,86850,4,5855
2020-09-14,SE,Sweden,EURO,206,87056,1,5856
2020-09-15,SE,Sweden,EURO,106,87162,2,5858
2020-09-16,SE,Sweden,EURO,220,87382,2,5860
2020-09-17,SE,Sweden,EURO,292,87674,1,5861
2020-09-18,SE,Sweden,EURO,330,88004,2,5863
2020-09-19,SE,Sweden,EURO,389,88393,1,5864
2020-09-20,SE,Sweden,EURO,437,88830,1,5865
2020-09-21,SE,Sweden,EURO,279,89109,1,5866
2020-09-22,SE,Sweden,EURO,133,89242,4,5870
2020-09-23,SE,Sweden,EURO,266,89508,2,5872
2020-09-24,SE,Sweden,EURO,438,89946,1,5873
2020-09-25,SE,Sweden,EURO,553,90499,0,5873
2020-09-26,SE,Sweden,EURO,540,91039,1,5874
2020-09-27,SE,Sweden,EURO,630,91669,4,5878
2020-09-28,SE,Sweden,EURO,325,91994,2,5880
2020-09-29,SE,Sweden,EURO,167,92161,1,5881
2020-09-30,SE,Sweden,EURO,378,92539,1,5882
2020-10-01,SE,Sweden,EURO,613,93152,2,5884
2020-10-02,SE,Sweden,EURO,689,93841,4,5888
2020-10-03,SE,Sweden,EURO,633,94474,1,5889
2020-10-04,SE,Sweden,EURO,712,95186,3,5892
2020-10-05,SE,Sweden,EURO,461,95647,3,5895
2020-10-06,SE,Sweden,EURO,156,95803,3,5898
2020-10-07,SE,Sweden,EURO,374,96177,2,5900
2020-10-08,SE,Sweden,EURO,786,96963,4,5904
2020-10-09,SE,Sweden,EURO,831,97794,3,5907
2020-10-10,SE,Sweden,EURO,834,98628,1,5908
2020-10-11,SE,Sweden,EURO,783,99411,5,5913
2020-10-12,SE,Sweden,EURO,509,99920,5,5918
2020-10-13,SE,Sweden,EURO,161,100081,2,5920
2020-10-14,SE,Sweden,EURO,637,100718,3,5923
2020-10-15,SE,Sweden,EURO,916,101634,1,5924
2020-10-16,SE,Sweden,EURO,968,102602,2,5926
2020-10-17,SE,Sweden,EURO,902,103504,3,5929
2020-10-18,SE,Sweden,EURO,1179,104683,2,5931
2020-10-19,SE,Sweden,EURO,697,105380,4,5935
2020-10-20,SE,Sweden,EURO,321,105701,1,5936
2020-10-21,SE,Sweden,EURO,771,106472,4,5940
2020-10-22,SE,Sweden,EURO,1289,107761,4,5944
2020-10-23,SE,Sweden,EURO,1571,109332,3,5947
2020-10-24,SE,Sweden,EURO,1666,110998,9,5956
2020-10-25,SE,Sweden,EURO,1867,112865,7,5963
2020-10-26,SE,Sweden,EURO,1477,114342,8,5971
2020-10-27,SE,Sweden,EURO,514,114856,8,5979
2020-10-28,SE,Sweden,EURO,1069,115925,11,5990
2020-10-29,SE,Sweden,EURO,2414,118339,9,5999
2020-10-30,SE,Sweden,EURO,3389,121728,9,6008
2020-10-31,SE,Sweden,EURO,3262,124990,9,6017
2020-11-01,SE,Sweden,EURO,4056,129046,9,6026
2020-11-02,SE,Sweden,EURO,2987,132033,13,6039
2020-11-03,SE,Sweden,EURO,1297,133330,22,6061
2020-11-04,SE,Sweden,EURO,1569,134899,20,6081
2020-11-05,SE,Sweden,EURO,3608,138507,20,6101
2020-11-06,SE,Sweden,EURO,4482,142989,21,6122
2020-11-07,SE,Sweden,EURO,4744,147733,22,6144
2020-11-08,SE,Sweden,EURO,4454,152187,25,6169
2020-11-09,SE,Sweden,EURO,4451,156638,27,6196
2020-11-10,SE,Sweden,EURO,2097,158735,22,6218
2020-11-11,SE,Sweden,EURO,3725,162460,35,6253
2020-11-12,SE,Sweden,EURO,4497,166957,35,6288
2020-11-13,SE,Sweden,EURO,5709,172666,27,6315
2020-11-14,SE,Sweden,EURO,5564,178230,28,6343
2020-11-15,SE,Sweden,EURO,6730,184960,33,6376
2020-11-16,SE,Sweden,EURO,3513,188473,38,6414
2020-11-17,SE,Sweden,EURO,1581,190054,39,6453
2020-11-18,SE,Sweden,EURO,2544,192598,37,6490
2020-11-19,SE,Sweden,EURO,4458,197056,44,6534
2020-11-20,SE,Sweden,EURO,4961,202017,50,6584
2020-11-21,SE,Sweden,EURO,7609,209626,46,6630
2020-11-22,SE,Sweden,EURO,5458,215084,45,6675
2020-11-23,SE,Sweden,EURO,4492,219576,51,6726
2020-11-24,SE,Sweden,EURO,2422,221998,59,6785
2020-11-25,SE,Sweden,EURO,3877,225875,55,6840
2020-11-26,SE,Sweden,EURO,5674,231549,68,6908
2020-11-27,SE,Sweden,EURO,6066,237615,69,6977
2020-11-28,SE,Sweden,EURO,6903,244518,60,7037
2020-11-29,SE,Sweden,EURO,6462,250980,65,7102
2020-11-30,SE,Sweden,EURO,3825,254805,50,7152
2020-12-01,SE,Sweden,EURO,2753,257558,50,7202
2020-12-02,SE,Sweden,EURO,3480,261038,67,7269
2020-12-03,SE,Sweden,EURO,5819,266857,67,7336
2020-12-04,SE,Sweden,EURO,6547,273404,71,7407
2020-12-05,SE,Sweden,EURO,6986,280390,77,7484
2020-12-06,SE,Sweden,EURO,7338,287728,70,7554
2020-12-07,SE,Sweden,EURO,4864,292592,43,7597
2020-12-08,SE,Sweden,EURO,1803,294395,81,7678
2020-12-09,SE,Sweden,EURO,3782,298177,58,7736
2020-12-10,SE,Sweden,EURO,7446,305623,54,7790
2020-12-11,SE,Sweden,EURO,8398,314021,75,7865
2020-12-12,SE,Sweden,EURO,6693,320714,86,7951
2020-12-13,SE,Sweden,EURO,7717,328431,89,8040
2020-12-14,SE,Sweden,EURO,6538,334969,68,8108
2020-12-15,SE,Sweden,EURO,3057,338026,71,8179
2020-12-16,SE,Sweden,EURO,3534,341560,94,8273
2020-12-17,SE,Sweden,EURO,7001,348561,88,8361
2020-12-18,SE,Sweden,EURO,8824,357385,102,8463
2020-12-19,SE,Sweden,EURO,9640,367025,116,8579
2020-12-20,SE,Sweden,EURO,7917,374942,71,8650
2020-12-21,SE,Sweden,EURO,5509,380451,80,8730
2020-12-22,SE,Sweden,EURO,3752,384203,94,8824
2020-12-23,SE,Sweden,EURO,5160,389363,76,8900
2020-12-24,SE,Sweden,EURO,6595,395958,93,8993
2020-12-25,SE,Sweden,EURO,11376,407334,87,9080
2020-12-26,SE,Sweden,EURO,5036,412370,88,9168
2020-12-27,SE,Sweden,EURO,2793,415163,106,9274
2020-12-28,SE,Sweden,EURO,2966,418129,94,9368
2020-12-29,SE,Sweden,EURO,3208,421337,99,9467
2020-12-30,SE,Sweden,EURO,7091,428428,121,9588
2020-12-31,SE,Sweden,EURO,8872,437300,73,9661
2021-01-01,SE,Sweden,EURO,10459,447759,90,9751
2021-01-02,SE,Sweden,EURO,6999,454758,110,9861
2021-01-03,SE,Sweden,EURO,2618,457376,87,9948
2021-01-04,SE,Sweden,EURO,2530,459906,99,10047
2021-01-05,SE,Sweden,EURO,2754,462660,83,10130
2021-01-06,SE,Sweden,EURO,6983,469643,86,10216
2021-01-07,SE,Sweden,EURO,7546,477189,93,10309
2021-01-08,SE,Sweden,EURO,5029,482218,82,10391
2021-01-09,SE,Sweden,EURO,7149,489367,103,10494
2021-01-10,SE,Sweden,EURO,5690,495057,99,10593
2021-01-11,SE,Sweden,EURO,4736,499793,89,10682
2021-01-12,SE,Sweden,EURO,2317,502110,92,10774
2021-01-13,SE,Sweden,EURO,4648,506758,89,10863
2021-01-14,SE,Sweden,EURO,5338,512096,89,10952
2021-01-15,SE,Sweden,EURO,6594,518690,91,11043
2021-01-16,SE,Sweden,EURO,4743,523433,95,11138
2021-01-17,SE,Sweden,EURO,4205,527638,90,11228
2021-01-18,SE,Sweden,EURO,2160,529798,83,11311
2021-01-19,SE,Sweden,EURO,1250,531048,61,11372
2021-01-20,SE,Sweden,EURO,2112,533160,72,11444
2021-01-21,SE,Sweden,EURO,4732,537892,92,11536
2021-01-22,SE,Sweden,EURO,4947,542839,87,11623
2021-01-23,SE,Sweden,EURO,4198,547037,88,11711
2021-01-24,SE,Sweden,EURO,3722,550759,59,11770
2021-01-25,SE,Sweden,EURO,2368,553127,64,11834
2021-01-26,SE,Sweden,EURO,1147,554274,51,11885
2021-01-27,SE,Sweden,EURO,1884,556158,59,11944
2021-01-28,SE,Sweden,EURO,4187,560345,67,12011
2021-01-29,SE,Sweden,EURO,4106,564451,54,12065
2021-01-30,SE,Sweden,EURO,2368,566819,55,12120
2021-01-31,SE,Sweden,EURO,4252,571071,58,12178
2021-02-01,SE,Sweden,EURO,2695,573766,57,12235
2021-02-02,SE,Sweden,EURO,1164,574930,39,12274
2021-02-03,SE,Sweden,EURO,1552,576482,46,12320
2021-02-04,SE,Sweden,EURO,4315,580797,43,12363
2021-02-05,SE,Sweden,EURO,3737,584534,52,12415
2021-02-06,SE,Sweden,EURO,3395,587929,30,12445
2021-02-07,SE,Sweden,EURO,3260,591189,36,12481
2021-02-08,SE,Sweden,EURO,2333,593522,33,12514
2021-02-09,SE,Sweden,EURO,1013,594535,29,12543
2021-02-10,SE,Sweden,EURO,1505,596040,39,12582
2021-02-11,SE,Sweden,EURO,4068,600108,25,12607
2021-02-12,SE,Sweden,EURO,4353,604461,27,12634
2021-02-13,SE,Sweden,EURO,3806,608267,33,12667
2021-02-14,SE,Sweden,EURO,3569,611836,28,12695
2021-02-15,SE,Sweden,EURO,2771,614607,25,12720
2021-02-16,SE,Sweden,EURO,1211,615818,28,12748
2021-02-17,SE,Sweden,EURO,1902,617720,23,12771
2021-02-18,SE,Sweden,EURO,4206,621926,22,12793
2021-02-19,SE,Sweden,EURO,4965,626891,34,12827
2021-02-20,SE,Sweden,EURO,4134,631025,18,12845
2021-02-21,SE,Sweden,EURO,4028,635053,25,12870
2021-02-22,SE,Sweden,EURO,2781,637834,29,12899
2021-02-23,SE,Sweden,EURO,1599,639433,21,12920
2021-02-24,SE,Sweden,EURO,2542,641975,25,12945
2021-02-25,SE,Sweden,EURO,5407,647382,13,12958
2021-02-26,SE,Sweden,EURO,4977,652359,26,12984
2021-02-27,SE,Sweden,EURO,4831,657190,20,13004
2021-02-28,SE,Sweden,EURO,4583,661773,18,13022
2021-03-01,SE,Sweden,EURO,3107,664880,19,13041
2021-03-02,SE,Sweden,EURO,1242,666122,25,13066
2021-03-03,SE,Sweden,EURO,2827,668949,24,13090
2021-03-04,SE,Sweden,EURO,6189,675138,23,13113
2021-03-05,SE,Sweden,EURO,4871,680009,18,13131
2021-03-06,SE,Sweden,EURO,4882,684891,19,13150
2021-03-07,SE,Sweden,EURO,4069,688960,15,13165
2021-03-08,SE,Sweden,EURO,3454,692414,12,13177
2021-03-09,SE,Sweden,EURO,1451,693865,17,13194
2021-03-10,SE,Sweden,EURO,1981,695846,24,13218
2021-03-11,SE,Sweden,EURO,5928,701774,20,13238
2021-03-12,SE,Sweden,EURO,5328,707102,21,13259
2021-03-13,SE,Sweden,EURO,5332,712434,16,13275
2021-03-14,SE,Sweden,EURO,4994,717428,19,13294
2021-03-15,SE,Sweden,EURO,3952,721380,19,13313
2021-03-16,SE,Sweden,EURO,1039,722419,22,13335
2021-03-17,SE,Sweden,EURO,2715,725134,21,13356
2021-03-18,SE,Sweden,EURO,6787,731921,15,13371
2021-03-19,SE,Sweden,EURO,6431,738352,19,13390
2021-03-20,SE,Sweden,EURO,5736,744088,18,13408
2021-03-21,SE,Sweden,EURO,5404,749492,11,13419
2021-03-22,SE,Sweden,EURO,4380,753872,25,13444
2021-03-23,SE,Sweden,EURO,1579,755451,18,13462
2021-03-24,SE,Sweden,EURO,2687,758138,16,13478
2021-03-25,SE,Sweden,EURO,7652,765790,14,13492
2021-03-26,SE,Sweden,EURO,7706,773496,16,13508
2021-03-27,SE,Sweden,EURO,6365,779861,22,13530
2021-03-28,SE,Sweden,EURO,6294,786155,22,13552
2021-03-29,SE,Sweden,EURO,5196,791351,19,13571
2021-03-30,SE,Sweden,EURO,1980,793331,17,13588
2021-03-31,SE,Sweden,EURO,2962,796293,23,13611
2021-04-01,SE,Sweden,EURO,8468,804761,17,13628
2021-04-02,SE,Sweden,EURO,8290,813051,23,13651
2021-04-03,SE,Sweden,EURO,6977,820028,25,13676
2021-04-04,SE,Sweden,EURO,6837,826865,22,13698
2021-04-05,SE,Sweden,EURO,3403,830268,18,13716
2021-04-06,SE,Sweden,EURO,1449,831717,14,13730
2021-04-07,SE,Sweden,EURO,3103,834820,24,13754
2021-04-08,SE,Sweden,EURO,6812,841632,13,13767
2021-04-09,SE,Sweden,EURO,7824,849456,22,13789
2021-04-10,SE,Sweden,EURO,7760,857216,22,13811
2021-04-11,SE,Sweden,EURO,7629,864845,24,13835
2021-04-12,SE,Sweden,EURO,5626,870471,11,13846
2021-04-13,SE,Sweden,EURO,2390,872861,17,13863
2021-04-14,SE,Sweden,EURO,3472,876333,16,13879
2021-04-15,SE,Sweden,EURO,8868,885201,21,13900
2021-04-16,SE,Sweden,EURO,7093,892294,28,13928
2021-04-17,SE,Sweden,EURO,7665,899959,25,13953
2021-04-18,SE,Sweden,EURO,6440,906399,15,13968
2021-04-19,SE,Sweden,EURO,4983,911382,20,13988
2021-04-20,SE,Sweden,EURO,2514,913896,16,14004
2021-04-21,SE,Sweden,EURO,2713,916609,15,14019
2021-04-22,SE,Sweden,EURO,7538,924147,26,14045
2021-04-23,SE,Sweden,EURO,7706,931853,24,14069
2021-04-24,SE,Sweden,EURO,6250,938103,16,14085
2021-04-25,SE,Sweden,EURO,5501,943604,17,14102
2021-04-26,SE,Sweden,EURO,4568,948172,13,14115
2021-04-27,SE,Sweden,EURO,1756,949928,20,14135
2021-04-28,SE,Sweden,EURO,3069,952997,11,14146
2021-04-29,SE,Sweden,EURO,7267,960264,23,14169
2021-04-30,SE,Sweden,EURO,7144,967408,21,14190
2021-05-01,SE,Sweden,EURO,5931,973339,19,14209
2021-05-02,SE,Sweden,EURO,5424,978763,17,14226
2021-05-03,SE,Sweden,EURO,4753,983516,12,14238
2021-05-04,SE,Sweden,EURO,1718,985234,12,14250
2021-05-05,SE,Sweden,EURO,3069,988303,19,14269
2021-05-06,SE,Sweden,EURO,7035,995338,13,14282
2021-05-07,SE,Sweden,EURO,6482,1001820,17,14299
2021-05-08,SE,Sweden,EURO,5716,1007536,10,14309
2021-05-09,SE,Sweden,EURO,5245,1012781,13,14322
2021-05-10,SE,Sweden,EURO,4476,1017257,19,14341
2021-05-11,SE,Sweden,EURO,1657,1018914,16,14357
2021-05-12,SE,Sweden,EURO,2460,1021374,22,14379
2021-05-13,SE,Sweden,EURO,6311,1027685,10,14389
2021-05-14,SE,Sweden,EURO,5269,1032954,11,14400
2021-05-15,SE,Sweden,EURO,3918,1036872,19,14419
2021-05-16,SE,Sweden,EURO,2579,1039451,24,14443
2021-05-17,SE,Sweden,EURO,3969,1043420,12,14455
2021-05-18,SE,Sweden,EURO,1408,1044828,13,14468
2021-05-19,SE,Sweden,EURO,2105,1046933,9,14477
2021-05-20,SE,Sweden,EURO,4642,1051575,9,14486
2021-05-21,SE,Sweden,EURO,3410,1054985,7,14493
2021-05-22,SE,Sweden,EURO,3166,1058151,12,14505
2021-05-23,SE,Sweden,EURO,2317,1060468,12,14517
2021-05-24,SE,Sweden,EURO,1909,1062377,9,14526
2021-05-25,SE,Sweden,EURO,620,1062997,11,14537
2021-05-26,SE,Sweden,EURO,1195,1064192,4,14541
2021-05-27,SE,Sweden,EURO,2739,1066931,8,14549
2021-05-28,SE,Sweden,EURO,1418,1068349,9,14558
2021-05-29,SE,Sweden,EURO,92,1068441,7,14565
2021-05-30,SE,Sweden,EURO,297,1068738,8,14573
2021-05-31,SE,Sweden,EURO,285,1069023,3,14576
2021-06-01,SE,Sweden,EURO,1948,1070971,8,14584
2021-06-02,SE,Sweden,EURO,1898,1072869,6,14590
2021-06-03,SE,Sweden,EURO,2783,1075652,1,14591
2021-06-04,SE,Sweden,EURO,1364,1077016,6,14597
2021-06-05,SE,Sweden,EURO,1080,1078096,6,14603
2021-06-06,SE,Sweden,EURO,989,1079085,14,14617
2021-06-07,SE,Sweden,EURO,758,1079843,3,14620
2021-06-08,SE,Sweden,EURO,222,1080065,3,14623
2021-06-09,SE,Sweden,EURO,490,1080555,5,14628
2021-06-10,SE,Sweden,EURO,1183,1081738,4,14632
2021-06-11,SE,Sweden,EURO,825,1082563,7,14639
2021-06-12,SE,Sweden,EURO,729,1083292,3,14642
2021-06-13,SE,Sweden,EURO,484,1083776,1,14643
2021-06-14,SE,Sweden,EURO,524,1084300,2,14645
2021-06-15,SE,Sweden,EURO,159,1084459,0,14645
2021-06-16,SE,Sweden,EURO,0,1084459,4,14649
2021-06-17,SE,Sweden,EURO,1,1084460,2,14651
2021-06-18,SE,Sweden,EURO,36,1084496,2,14653
2021-06-19,SE,Sweden,EURO,2190,1086686,1,14654
2021-06-20,SE,Sweden,EURO,601,1087287,3,14657
2021-06-21,SE,Sweden,EURO,19,1087306,2,14659
2021-06-22,SE,Sweden,EURO,1,1087307,3,14662
2021-06-23,SE,Sweden,EURO,678,1087985,2,14664
2021-06-24,SE,Sweden,EURO,506,1088491,3,14667
2021-06-25,SE,Sweden,EURO,379,1088870,0,14667
2021-06-26,SE,Sweden,EURO,373,1089243,2,14669
2021-06-27,SE,Sweden,EURO,31,1089274,2,14671
2021-06-28,SE,Sweden,EURO,8,1089282,0,14671
2021-06-29,SE,Sweden,EURO,8,1089290,0,14671
2021-06-30,SE,Sweden,EURO,444,1089734,2,14673
2021-07-01,SE,Sweden,EURO,251,1089985,1,14674
2021-07-02,SE,Sweden,EURO,560,1090545,1,14675
2021-07-03,SE,Sweden,EURO,284,1090829,1,14676
2021-07-04,SE,Sweden,EURO,326,1091155,1,14677
2021-07-05,SE,Sweden,EURO,3,1091158,2,14679
2021-07-06,SE,Sweden,EURO,2,1091160,0,14679
2021-07-07,SE,Sweden,EURO,415,1091575,0,14679
2021-07-08,SE,Sweden,EURO,369,1091944,2,14681
2021-07-09,SE,Sweden,EURO,258,1092202,0,14681
2021-07-10,SE,Sweden,EURO,237,1092439,0,14681
2021-07-11,SE,Sweden,EURO,228,1092667,0,14681
2021-07-12,SE,Sweden,EURO,7,1092674,0,14681
2021-07-13,SE,Sweden,EURO,0,1092674,1,14682
2021-07-14,SE,Sweden,EURO,443,1093117,0,14682
2021-07-15,SE,Sweden,EURO,370,1093487,0,14682
2021-07-16,SE,Sweden,EURO,350,1093837,0,14682
2021-07-17,SE,Sweden,EURO,366,1094203,1,14683
2021-07-18,SE,Sweden,EURO,337,1094540,0,14683
2021-07-19,SE,Sweden,EURO,11,1094551,1,14684
2021-07-20,SE,Sweden,EURO,6,1094557,0,14684
2021-07-21,SE,Sweden,EURO,628,1095185,0,14684
2021-07-22,SE,Sweden,EURO,517,1095702,0,14684
2021-07-23,SE,Sweden,EURO,582,1096284,1,14685
2021-07-24,SE,Sweden,EURO,477,1096761,1,14686
2021-07-25,SE,Sweden,EURO,445,1097206,1,14687
2021-07-26,SE,Sweden,EURO,11,1097217,0,14687
2021-07-27,SE,Sweden,EURO,2,1097219,0,14687
2021-07-28,SE,Sweden,EURO,839,1098058,0,14687
2021-07-29,SE,Sweden,EURO,653,1098711,0,14687
2021-07-30,SE,Sweden,EURO,656,1099367,1,14688
2021-07-31,SE,Sweden,EURO,621,1099988,2,14690
2021-08-01,SE,Sweden,EURO,686,1100674,1,14691
2021-08-02,SE,Sweden,EURO,4,1100678,0,14691
2021-08-03,SE,Sweden,EURO,1,1100679,0,14691
2021-08-04,SE,Sweden,EURO,1151,1101830,0,14691
2021-08-05,SE,Sweden,EURO,959,1102789,0,14691
2021-08-06,SE,Sweden,EURO,852,1103641,0,14691
2021-08-07,SE,Sweden,EURO,819,1104460,2,14693
2021-08-08,SE,Sweden,EURO,818,1105278,3,14696
2021-08-09,SE,Sweden,EURO,6,1105284,0,14696
2021-08-10,SE,Sweden,EURO,3,1105287,2,14698
2021-08-11,SE,Sweden,EURO,1485,1106772,0,14698
2021-08-12,SE,Sweden,EURO,1203,1107975,1,14699
2021-08-13,SE,Sweden,EURO,1057,1109032,0,14699
2021-08-14,SE,Sweden,EURO,1040,1110072,1,14700
2021-08-15,SE,Sweden,EURO,1016,1111088,2,14702
2021-08-16,SE,Sweden,EURO,8,1111096,1,14703
2021-08-17,SE,Sweden,EURO,10,1111106,1,14704
2021-08-18,SE,Sweden,EURO,1781,1112887,0,14704
2021-08-19,SE,Sweden,EURO,1330,1114217,3,14707
2021-08-20,SE,Sweden,EURO,1276,1115493,1,14708
2021-08-21,SE,Sweden,EURO,1028,1116521,2,14710
2021-08-22,SE,Sweden,EURO,1045,1117566,2,14712
2021-08-23,SE,Sweden,EURO,1,1117567,1,14713
2021-08-24,SE,Sweden,EURO,3,1117570,2,14715
2021-08-25,SE,Sweden,EURO,1708,1119278,5,14720
2021-08-26,SE,Sweden,EURO,1270,1120548,5,14725
2021-08-27,SE,Sweden,EURO,1515,1122063,3,14728
2021-08-28,SE,Sweden,EURO,1271,1123334,1,14729
2021-08-29,SE,Sweden,EURO,917,1124251,0,14729
2021-08-30,SE,Sweden,EURO,3,1124254,1,14730
2021-08-31,SE,Sweden,EURO,5,1124259,5,14735
2021-09-01,SE,Sweden,EURO,2354,1126613,3,14738
2021-09-02,SE,Sweden,EURO,1022,1127635,2,14740
2021-09-03,SE,Sweden,EURO,1103,1128738,2,14742
2021-09-04,SE,Sweden,EURO,1425,1130163,6,14748
2021-09-05,SE,Sweden,EURO,1323,1131486,3,14751
2021-09-06,SE,Sweden,EURO,1,1131487,3,14754
2021-09-07,SE,Sweden,EURO,10,1131497,6,14760
2021-09-08,SE,Sweden,EURO,2179,1133676,4,14764
2021-09-09,SE,Sweden,EURO,1399,1135075,4,14768
2021-09-10,SE,Sweden,EURO,1395,1136470,10,14778
2021-09-11,SE,Sweden,EURO,1479,1137949,8,14786
2021-09-12,SE,Sweden,EURO,1515,1139464,11,14797
2021-09-13,SE,Sweden,EURO,2,1139466,4,14801
2021-09-14,SE,Sweden,EURO,0,1139466,8,14809
2021-09-15,SE,Sweden,EURO,2137,1141603,8,14817
2021-09-16,SE,Sweden,EURO,1114,1142717,7,14824
2021-09-17,SE,Sweden,EURO,1185,1143902,8,14832
2021-09-18,SE,Sweden,EURO,994,1144896,12,14844
2021-09-19,SE,Sweden,EURO,830,1145726,7,14851
2021-09-20,SE,Sweden,EURO,1,1145727,3,14854
2021-09-21,SE,Sweden,EURO,0,1145727,6,14860
2021-09-22,SE,Sweden,EURO,1178,1146905,4,14864
2021-09-23,SE,Sweden,EURO,891,1147796,7,14871
2021-09-24,SE,Sweden,EURO,741,1148537,10,14881
2021-09-25,SE,Sweden,EURO,771,1149308,6,14887
2021-09-26,SE,Sweden,EURO,715,1150023,6,14893
2021-09-27,SE,Sweden,EURO,1,1150024,4,14897
2021-09-28,SE,Sweden,EURO,6,1150030,6,14903
2021-09-29,SE,Sweden,EURO,1069,1151099,3,14906
2021-09-30,SE,Sweden,EURO,845,1151944,4,14910
2021-10-01,SE,Sweden,EURO,852,1152796,7,14917
2021-10-02,SE,Sweden,EURO,766,1153562,5,14922
2021-10-03,SE,Sweden,EURO,698,1154260,5,14927
2021-10-04,SE,Sweden,EURO,2,1154262,6,14933
2021-10-05,SE,Sweden,EURO,0,1154262,9,14942
2021-10-06,SE,Sweden,EURO,1192,1155454,5,14947
2021-10-07,SE,Sweden,EURO,738,1156192,6,14953
2021-10-08,SE,Sweden,EURO,842,1157034,11,14964
2021-10-09,SE,Sweden,EURO,742,1157776,8,14972
2021-10-10,SE,Sweden,EURO,599,1158375,8,14980
2021-10-11,SE,Sweden,EURO,16,1158391,6,14986
2021-10-12,SE,Sweden,EURO,9,1158400,5,14991
2021-10-13,SE,Sweden,EURO,1120,1159520,5,14996
2021-10-14,SE,Sweden,EURO,905,1160425,4,15000
2021-10-15,SE,Sweden,EURO,796,1161221,7,15007
2021-10-16,SE,Sweden,EURO,668,1161889,4,15011
2021-10-17,SE,Sweden,EURO,565,1162454,1,15012
2021-10-18,SE,Sweden,EURO,14,1162468,6,15018
2021-10-19,SE,Sweden,EURO,0,1162468,5,15023
2021-10-20,SE,Sweden,EURO,1078,1163546,5,15028
2021-10-21,SE,Sweden,EURO,818,1164364,3,15031
2021-10-22,SE,Sweden,EURO,786,1165150,3,15034
2021-10-23,SE,Sweden,EURO,777,1165927,4,15038
2021-10-24,SE,Sweden,EURO,889,1166816,3,15041
2021-10-25,SE,Sweden,EURO,525,1167341,3,15044
2021-10-26,SE,Sweden,EURO,319,1167660,1,15045
2021-10-27,SE,Sweden,EURO,540,1168200,6,15051
2021-10-28,SE,Sweden,EURO,1262,1169462,4,15055
2021-10-29,SE,Sweden,EURO,891,1170353,4,15059
2021-10-30,SE,Sweden,EURO,1079,1171432,6,15065
2021-10-31,SE,Sweden,EURO,977,1172409,4,15069
2021-11-01,SE,Sweden,EURO,861,1173270,2,15071
2021-11-02,SE,Sweden,EURO,301,1173571,4,15075
2021-11-03,SE,Sweden,EURO,628,1174199,2,15077
2021-11-04,SE,Sweden,EURO,1162,1175361,5,15082
2021-11-05,SE,Sweden,EURO,837,1176198,10,15092
2021-11-06,SE,Sweden,EURO,826,1177024,2,15094
2021-11-07,SE,Sweden,EURO,731,1177755,4,15098
2021-11-08,SE,Sweden,EURO,597,1178352,8,15106
2021-11-09,SE,Sweden,EURO,278,1178630,2,15108
2021-11-10,SE,Sweden,EURO,503,1179133,2,15110
2021-11-11,SE,Sweden,EURO,1321,1180454,8,15118
2021-11-12,SE,Sweden,EURO,1020,1181474,2,15120
2021-11-13,SE,Sweden,EURO,925,1182399,8,15128
2021-11-14,SE,Sweden,EURO,911,1183310,6,15134
2021-11-15,SE,Sweden,EURO,829,1184139,2,15136
2021-11-16,SE,Sweden,EURO,311,1184450,3,15139
2021-11-17,SE,Sweden,EURO,574,1185024,6,15145
2021-11-18,SE,Sweden,EURO,1296,1186320,5,15150
2021-11-19,SE,Sweden,EURO,1206,1187526,3,15153
2021-11-20,SE,Sweden,EURO,1130,1188656,4,15157
2021-11-21,SE,Sweden,EURO,1314,1189970,6,15163
2021-11-22,SE,Sweden,EURO,1092,1191062,2,15165
2021-11-23,SE,Sweden,EURO,482,1191544,3,15168
2021-11-24,SE,Sweden,EURO,952,1192496,3,15171
2021-11-25,SE,Sweden,EURO,2077,1194573,4,15175
2021-11-26,SE,Sweden,EURO,2107,1196680,2,15177
2021-11-27,SE,Sweden,EURO,2115,1198795,0,15177
2021-11-28,SE,Sweden,EURO,2025,1200820,2,15179
2021-11-29,SE,Sweden,EURO,1759,1202579,2,15181
2021-11-30,SE,Sweden,EURO,880,1203459,2,15183
2021-12-01,SE,Sweden,EURO,1347,1204806,6,15189
2021-12-02,SE,Sweden,EURO,2657,1207463,5,15194
2021-12-03,SE,Sweden,EURO,2424,1209887,2,15196
2021-12-04,SE,Sweden,EURO,2207,1212094,4,15200
2021-12-05,SE,Sweden,EURO,2154,1214248,2,15202
2021-12-06,SE,Sweden,EURO,2084,1216332,4,15206
2021-12-07,SE,Sweden,EURO,927,1217259,5,15211
2021-12-08,SE,Sweden,EURO,2254,1219513,5,15216
2021-12-09,SE,Sweden,EURO,3334,1222847,8,15224
2021-12-10,SE,Sweden,EURO,3255,1226102,4,15228
2021-12-11,SE,Sweden,EURO,3072,1229174,6,15234
2021-12-12,SE,Sweden,EURO,2866,1232040,3,15237
2021-12-13,SE,Sweden,EURO,2395,1234435,6,15243
2021-12-14,SE,Sweden,EURO,1475,1235910,2,15245
2021-12-15,SE,Sweden,EURO,2712,1238622,5,15250
2021-12-16,SE,Sweden,EURO,4064,1242686,3,15253
2021-12-17,SE,Sweden,EURO,4009,1246695,5,15258
2021-12-18,SE,Sweden,EURO,4119,1250814,8,15266
2021-12-19,SE,Sweden,EURO,4191,1255005,6,15272
2021-12-20,SE,Sweden,EURO,3413,1258418,10,15282
2021-12-21,SE,Sweden,EURO,2030,1260448,5,15287
2021-12-22,SE,Sweden,EURO,3055,1263503,7,15294
2021-12-23,SE,Sweden,EURO,4697,1268200,5,15299
2021-12-24,SE,Sweden,EURO,5130,1273330,2,15301
2021-12-25,SE,Sweden,EURO,5145,1278475,4,15305
2021-12-26,SE,Sweden,EURO,5837,1284312,4,15309
2021-12-27,SE,Sweden,EURO,2388,1286700,3,15312
2021-12-28,SE,Sweden,EURO,1794,1288494,3,15315
2021-12-29,SE,Sweden,EURO,6169,1294663,6,15321
2021-12-30,SE,Sweden,EURO,9249,1303912,6,15327
2021-12-31,SE,Sweden,EURO,10966,1314878,0,15327
2022-01-01,SE,Sweden,EURO,11507,1326385,0,15327
2022-01-02,SE,Sweden,EURO,10610,1336995,0,15327
2022-01-03,SE,Sweden,EURO,5282,1342277,0,15327
2022-01-04,SE,Sweden,EURO,5683,1347960,3,15330
2022-01-05,SE,Sweden,EURO,9793,1357753,0,15330
2020-01-03,DK,Denmark,EURO,0,0,0,0
2020-01-04,DK,Denmark,EURO,0,0,0,0
2020-01-05,DK,Denmark,EURO,0,0,0,0
2020-01-06,DK,Denmark,EURO,0,0,0,0
2020-01-07,DK,Denmark,EURO,0,0,0,0
2020-01-08,DK,Denmark,EURO,0,0,0,0
2020-01-09,DK,Denmark,EURO,0,0,0,0
2020-01-10,DK,Denmark,EURO,0,0,0,0
2020-01-11,DK,Denmark,EURO,0,0,0,0
2020-01-12,DK,Denmark,EURO,0,0,0,0
2020-01-13,DK,Denmark,EURO,0,0,0,0
2020-01-14,DK,Denmark,EURO,0,0,0,0
2020-01-15,DK,Denmark,EURO,0,0,0,0
2020-01-16,DK,Denmark,EURO,0,0,0,0
2020-01-17,DK,Denmark,EURO,0,0,0,0
2020-01-18,DK,Denmark,EURO,0,0,0,0
2020-01-19,DK,Denmark,EURO,0,0,0,0
2020-01-20,DK,Denmark,EURO,0,0,0,0
2020-01-21,DK,Denmark,EURO,0,0,0,0
2020-01-22,DK,Denmark,EURO,0,0,0,0
2020-01-23,DK,Denmark,EURO,0,0,0,0
2020-01-24,DK,Denmark,EURO,0,0,0,0
2020-01-25,DK,Denmark,EURO,0,0,0,0
2020-01-26,DK,Denmark,EURO,0,0,0,0
2020-01-27,DK,Denmark,EURO,0,0,0,0
2020-01-28,DK,Denmark,EURO,0,0,0,0
2020-01-29,DK,Denmark,EURO,0,0,0,0
2020-01-30,DK,Denmark,EURO,0,0,0,0
2020-01-31,DK,Denmark,EURO,0,0,0,0
2020-02-01,DK,Denmark,EURO,0,0,0,0
2020-02-02,DK,Denmark,EURO,0,0,0,0
2020-02-03,DK,Denmark,EURO,0,0,0,0
2020-02-04,DK,Denmark,EURO,0,0,0,0
2020-02-05,DK,Denmark,EURO,0,0,0,0
2020-02-06,DK,Denmark,EURO,0,0,0,0
2020-02-07,DK,Denmark,EURO,0,0,0,0
2020-02-08,DK,Denmark,EURO,0,0,0,0
2020-02-09,DK,Denmark,EURO,0,0,0,0
2020-02-10,DK,Denmark,EURO,0,0,0,0
2020-02-11,DK,Denmark,EURO,0,0,0,0
2020-02-12,DK,Denmark,EURO,0,0,0,0
2020-02-13,DK,Denmark,EURO,0,0,0,0
2020-02-14,DK,Denmark,EURO,0,0,0,0
2020-02-15,DK,Denmark,EURO,0,0,0,0
2020-02-16,DK,Denmark,EURO,0,0,0,0
2020-02-17,DK,Denmark,EURO,0,0,0,0
2020-02-18,DK,Denmark,EURO,0,0,0,0
2020-02-19,DK,Denmark,EURO,0,0,0,0
2020-02-20,DK,Denmark,EURO,0,0,0,0
2020-02-21,DK,Denmark,EURO,0,0,0,0
2020-02-22,DK,Denmark,EURO,0,0,0,0
2020-02-23,DK,Denmark,EURO,0,0,0,0
2020-02-24,DK,Denmark,EURO,0,0,0,0
2020-02-25,DK,Denmark,EURO,0,0,0,0
2020-02-26,DK,Denmark,EURO,0,0,0,0
2020-02-27,DK,Denmark,EURO,1,1,0,0
2020-02-28,DK,Denmark,EURO,1,2,0,0
2020-02-29,DK,Denmark,EURO,0,2,0,0
2020-03-01,DK,Denmark,EURO,1,3,0,0
2020-03-02,DK,Denmark,EURO,1,4,0,0
2020-03-03,DK,Denmark,EURO,4,8,0,0
2020-03-04,DK,Denmark,EURO,4,12,0,0
2020-03-05,DK,Denmark,EURO,3,15,0,0
2020-03-06,DK,Denmark,EURO,10,25,0,0
2020-03-07,DK,Denmark,EURO,2,27,0,0
2020-03-08,DK,Denmark,EURO,9,36,0,0
2020-03-09,DK,Denmark,EURO,48,84,0,0
2020-03-10,DK,Denmark,EURO,210,294,0,0
2020-03-11,DK,Denmark,EURO,255,549,0,0
2020-03-12,DK,Denmark,EURO,206,755,1,1
2020-03-13,DK,Denmark,EURO,41,796,0,1
2020-03-14,DK,Denmark,EURO,33,829,0,1
2020-03-15,DK,Denmark,EURO,37,866,1,2
2020-03-16,DK,Denmark,EURO,45,911,2,4
2020-03-17,DK,Denmark,EURO,74,985,1,5
2020-03-18,DK,Denmark,EURO,76,1061,1,6
2020-03-19,DK,Denmark,EURO,83,1144,4,10
2020-03-20,DK,Denmark,EURO,106,1250,5,15
2020-03-21,DK,Denmark,EURO,102,1352,4,19
2020-03-22,DK,Denmark,EURO,48,1400,3,22
2020-03-23,DK,Denmark,EURO,62,1462,3,25
2020-03-24,DK,Denmark,EURO,131,1593,6,31
2020-03-25,DK,Denmark,EURO,138,1731,6,37
2020-03-26,DK,Denmark,EURO,151,1882,6,43
2020-03-27,DK,Denmark,EURO,170,2052,12,55
2020-03-28,DK,Denmark,EURO,215,2267,12,67
2020-03-29,DK,Denmark,EURO,200,2467,9,76
2020-03-30,DK,Denmark,EURO,127,2594,8,84
2020-03-31,DK,Denmark,EURO,309,2903,11,95
2020-04-01,DK,Denmark,EURO,254,3157,15,110
2020-04-02,DK,Denmark,EURO,279,3436,22,132
2020-04-03,DK,Denmark,EURO,380,3816,18,150
2020-04-04,DK,Denmark,EURO,471,4287,20,170
2020-04-05,DK,Denmark,EURO,293,4580,15,185
2020-04-06,DK,Denmark,EURO,157,4737,12,197
2020-04-07,DK,Denmark,EURO,423,5160,17,214
2020-04-08,DK,Denmark,EURO,345,5505,12,226
2020-04-09,DK,Denmark,EURO,294,5799,15,241
2020-04-10,DK,Denmark,EURO,136,5935,13,254
2020-04-11,DK,Denmark,EURO,140,6075,16,270
2020-04-12,DK,Denmark,EURO,139,6214,11,281
2020-04-13,DK,Denmark,EURO,156,6370,11,292
2020-04-14,DK,Denmark,EURO,156,6526,16,308
2020-04-15,DK,Denmark,EURO,258,6784,12,320
2020-04-16,DK,Denmark,EURO,198,6982,10,330
2020-04-17,DK,Denmark,EURO,178,7160,12,342
2020-04-18,DK,Denmark,EURO,168,7328,9,351
2020-04-19,DK,Denmark,EURO,104,7432,10,361
2020-04-20,DK,Denmark,EURO,111,7543,6,367
2020-04-21,DK,Denmark,EURO,213,7756,7,374
2020-04-22,DK,Denmark,EURO,200,7956,12,386
2020-04-23,DK,Denmark,EURO,226,8182,14,400
2020-04-24,DK,Denmark,EURO,231,8413,10,410
2020-04-25,DK,Denmark,EURO,164,8577,6,416
2020-04-26,DK,Denmark,EURO,134,8711,5,421
2020-04-27,DK,Denmark,EURO,119,8830,5,426
2020-04-28,DK,Denmark,EURO,217,9047,9,435
2020-04-29,DK,Denmark,EURO,136,9183,10,445
2020-04-30,DK,Denmark,EURO,139,9322,9,454
2020-05-01,DK,Denmark,EURO,146,9468,9,463
2020-05-02,DK,Denmark,EURO,148,9616,11,474
2020-05-03,DK,Denmark,EURO,115,9731,8,482
2020-05-04,DK,Denmark,EURO,78,9809,9,491
2020-05-05,DK,Denmark,EURO,120,9929,7,498
2020-05-06,DK,Denmark,EURO,122,10051,3,501
2020-05-07,DK,Denmark,EURO,105,10156,6,507
2020-05-08,DK,Denmark,EURO,122,10278,6,513
2020-05-09,DK,Denmark,EURO,69,10347,4,517
2020-05-10,DK,Denmark,EURO,64,10411,3,520
2020-05-11,DK,Denmark,EURO,57,10468,5,525
2020-05-12,DK,Denmark,EURO,78,10546,4,529
2020-05-13,DK,Denmark,EURO,56,10602,7,536
2020-05-14,DK,Denmark,EURO,65,10667,5,541
2020-05-15,DK,Denmark,EURO,61,10728,0,541
2020-05-16,DK,Denmark,EURO,89,10817,6,547
2020-05-17,DK,Denmark,EURO,34,10851,3,550
2020-05-18,DK,Denmark,EURO,50,10901,3,553
2020-05-19,DK,Denmark,EURO,80,10981,3,556
2020-05-20,DK,Denmark,EURO,60,11041,2,558
2020-05-21,DK,Denmark,EURO,69,11110,5,563
2020-05-22,DK,Denmark,EURO,31,11141,0,563
2020-05-23,DK,Denmark,EURO,71,11212,1,564
2020-05-24,DK,Denmark,EURO,35,11247,1,565
2020-05-25,DK,Denmark,EURO,34,11281,1,566
2020-05-26,DK,Denmark,EURO,52,11333,0,566
2020-05-27,DK,Denmark,EURO,62,11395,3,569
2020-05-28,DK,Denmark,EURO,52,11447,1,570
2020-05-29,DK,Denmark,EURO,37,11484,0,570
2020-05-30,DK,Denmark,EURO,42,11526,1,571
2020-05-31,DK,Denmark,EURO,33,11559,4,575
2020-06-01,DK,Denmark,EURO,22,11581,2,577
2020-06-02,DK,Denmark,EURO,35,11616,3,580
2020-06-03,DK,Denmark,EURO,55,11671,1,581
2020-06-04,DK,Denmark,EURO,52,11723,1,582
2020-06-05,DK,Denmark,EURO,41,11764,4,586
2020-06-06,DK,Denmark,EURO,34,11798,2,588
2020-06-07,DK,Denmark,EURO,15,11813,3,591
2020-06-08,DK,Denmark,EURO,14,11827,2,593
2020-06-09,DK,Denmark,EURO,43,11870,0,593
2020-06-10,DK,Denmark,EURO,28,11898,0,593
2020-06-11,DK,Denmark,EURO,38,11936,0,593
2020-06-12,DK,Denmark,EURO,48,11984,1,594
2020-06-13,DK,Denmark,EURO,60,12044,3,597
2020-06-14,DK,Denmark,EURO,27,12071,0,597
2020-06-15,DK,Denmark,EURO,20,12091,1,598
2020-06-16,DK,Denmark,EURO,39,12130,0,598
2020-06-17,DK,Denmark,EURO,45,12175,1,599
2020-06-18,DK,Denmark,EURO,74,12249,1,600
2020-06-19,DK,Denmark,EURO,45,12294,1,601
2020-06-20,DK,Denmark,EURO,42,12336,1,602
2020-06-21,DK,Denmark,EURO,38,12374,1,603
2020-06-22,DK,Denmark,EURO,31,12405,0,603
2020-06-23,DK,Denmark,EURO,45,12450,0,603
2020-06-24,DK,Denmark,EURO,19,12469,1,604
2020-06-25,DK,Denmark,EURO,45,12514,0,604
2020-06-26,DK,Denmark,EURO,30,12544,1,605
2020-06-27,DK,Denmark,EURO,20,12564,0,605
2020-06-28,DK,Denmark,EURO,18,12582,0,605
2020-06-29,DK,Denmark,EURO,11,12593,1,606
2020-06-30,DK,Denmark,EURO,27,12620,0,606
2020-07-01,DK,Denmark,EURO,23,12643,0,606
2020-07-02,DK,Denmark,EURO,10,12653,0,606
2020-07-03,DK,Denmark,EURO,15,12668,0,606
2020-07-04,DK,Denmark,EURO,17,12685,0,606
2020-07-05,DK,Denmark,EURO,13,12698,1,607
2020-07-06,DK,Denmark,EURO,11,12709,0,607
2020-07-07,DK,Denmark,EURO,9,12718,2,609
2020-07-08,DK,Denmark,EURO,13,12731,0,609
2020-07-09,DK,Denmark,EURO,26,12757,0,609
2020-07-10,DK,Denmark,EURO,41,12798,0,609
2020-07-11,DK,Denmark,EURO,33,12831,1,610
2020-07-12,DK,Denmark,EURO,24,12855,0,610
2020-07-13,DK,Denmark,EURO,22,12877,0,610
2020-07-14,DK,Denmark,EURO,32,12909,0,610
2020-07-15,DK,Denmark,EURO,33,12942,0,610
2020-07-16,DK,Denmark,EURO,42,12984,0,610
2020-07-17,DK,Denmark,EURO,52,13036,0,610
2020-07-18,DK,Denmark,EURO,32,13068,1,611
2020-07-19,DK,Denmark,EURO,43,13111,0,611
2020-07-20,DK,Denmark,EURO,28,13139,0,611
2020-07-21,DK,Denmark,EURO,32,13171,0,611
2020-07-22,DK,Denmark,EURO,36,13207,0,611
2020-07-23,DK,Denmark,EURO,34,13241,2,613
2020-07-24,DK,Denmark,EURO,51,13292,0,613
2020-07-25,DK,Denmark,EURO,36,13328,0,613
2020-07-26,DK,Denmark,EURO,27,13355,0,613
2020-07-27,DK,Denmark,EURO,23,13378,0,613
2020-07-28,DK,Denmark,EURO,63,13441,0,613
2020-07-29,DK,Denmark,EURO,77,13518,1,614
2020-07-30,DK,Denmark,EURO,59,13577,1,615
2020-07-31,DK,Denmark,EURO,84,13661,0,615
2020-08-01,DK,Denmark,EURO,58,13719,1,616
2020-08-02,DK,Denmark,EURO,64,13783,0,616
2020-08-03,DK,Denmark,EURO,78,13861,0,616
2020-08-04,DK,Denmark,EURO,117,13978,0,616
2020-08-05,DK,Denmark,EURO,121,14099,0,616
2020-08-06,DK,Denmark,EURO,116,14215,1,617
2020-08-07,DK,Denmark,EURO,171,14386,0,617
2020-08-08,DK,Denmark,EURO,141,14527,0,617
2020-08-09,DK,Denmark,EURO,89,14616,1,618
2020-08-10,DK,Denmark,EURO,129,14745,2,620
2020-08-11,DK,Denmark,EURO,152,14897,1,621
2020-08-12,DK,Denmark,EURO,136,15033,0,621
2020-08-13,DK,Denmark,EURO,160,15193,0,621
2020-08-14,DK,Denmark,EURO,116,15309,0,621
2020-08-15,DK,Denmark,EURO,110,15419,0,621
2020-08-16,DK,Denmark,EURO,126,15545,0,621
2020-08-17,DK,Denmark,EURO,90,15635,0,621
2020-08-18,DK,Denmark,EURO,96,15731,0,621
2020-08-19,DK,Denmark,EURO,112,15843,0,621
2020-08-20,DK,Denmark,EURO,86,15929,0,621
2020-08-21,DK,Denmark,EURO,81,16010,0,621
2020-08-22,DK,Denmark,EURO,83,16093,1,622
2020-08-23,DK,Denmark,EURO,88,16181,1,623
2020-08-24,DK,Denmark,EURO,73,16254,0,623
2020-08-25,DK,Denmark,EURO,72,16326,0,623
2020-08-26,DK,Denmark,EURO,81,16407,1,624
2020-08-27,DK,Denmark,EURO,79,16486,0,624
2020-08-28,DK,Denmark,EURO,69,16555,0,624
2020-08-29,DK,Denmark,EURO,107,16662,0,624
2020-08-30,DK,Denmark,EURO,82,16744,0,624
2020-08-31,DK,Denmark,EURO,103,16847,0,624
2020-09-01,DK,Denmark,EURO,118,16965,2,626
2020-09-02,DK,Denmark,EURO,198,17163,0,626
2020-09-03,DK,Denmark,EURO,155,17318,0,626
2020-09-04,DK,Denmark,EURO,192,17510,1,627
2020-09-05,DK,Denmark,EURO,199,17709,0,627
2020-09-06,DK,Denmark,EURO,197,17906,0,627
2020-09-07,DK,Denmark,EURO,222,18128,1,628
2020-09-08,DK,Denmark,EURO,295,18423,0,628
2020-09-09,DK,Denmark,EURO,327,18750,0,628
2020-09-10,DK,Denmark,EURO,293,19043,1,629
2020-09-11,DK,Denmark,EURO,367,19410,0,629
2020-09-12,DK,Denmark,EURO,346,19756,1,630
2020-09-13,DK,Denmark,EURO,301,20057,1,631
2020-09-14,DK,Denmark,EURO,296,20353,2,633
2020-09-15,DK,Denmark,EURO,380,20733,0,633
2020-09-16,DK,Denmark,EURO,435,21168,1,634
2020-09-17,DK,Denmark,EURO,549,21717,1,635
2020-09-18,DK,Denmark,EURO,516,22233,0,635
2020-09-19,DK,Denmark,EURO,475,22708,0,635
2020-09-20,DK,Denmark,EURO,416,23124,3,638
2020-09-21,DK,Denmark,EURO,408,23532,3,641
2020-09-22,DK,Denmark,EURO,535,24067,1,642
2020-09-23,DK,Denmark,EURO,587,24654,2,644
2020-09-24,DK,Denmark,EURO,651,25305,1,645
2020-09-25,DK,Denmark,EURO,598,25903,2,647
2020-09-26,DK,Denmark,EURO,488,26391,1,648
2020-09-27,DK,Denmark,EURO,393,26784,1,649
2020-09-28,DK,Denmark,EURO,357,27141,0,649
2020-09-29,DK,Denmark,EURO,481,27622,1,650
2020-09-30,DK,Denmark,EURO,449,28071,1,651
2020-10-01,DK,Denmark,EURO,434,28505,0,651
2020-10-02,DK,Denmark,EURO,427,28932,2,653
2020-10-03,DK,Denmark,EURO,366,29298,2,655
2020-10-04,DK,Denmark,EURO,338,29636,3,658
2020-10-05,DK,Denmark,EURO,306,29942,3,661
2020-10-06,DK,Denmark,EURO,427,30369,2,663
2020-10-07,DK,Denmark,EURO,426,30795,0,663
2020-10-08,DK,Denmark,EURO,452,31247,1,664
2020-10-09,DK,Denmark,EURO,422,31669,2,666
2020-10-10,DK,Denmark,EURO,411,32080,1,667
2020-10-11,DK,Denmark,EURO,281,32361,3,670
2020-10-12,DK,Denmark,EURO,256,32617,2,672
2020-10-13,DK,Denmark,EURO,457,33074,3,675
2020-10-14,DK,Denmark,EURO,425,33499,1,676
2020-10-15,DK,Denmark,EURO,469,33968,1,677
2020-10-16,DK,Denmark,EURO,449,34417,0,677
2020-10-17,DK,Denmark,EURO,464,34881,2,679
2020-10-18,DK,Denmark,EURO,431,35312,5,684
2020-10-19,DK,Denmark,EURO,451,35763,3,687
2020-10-20,DK,Denmark,EURO,687,36450,1,688
2020-10-21,DK,Denmark,EURO,780,37230,3,691
2020-10-22,DK,Denmark,EURO,847,38077,4,695
2020-10-23,DK,Denmark,EURO,866,38943,4,699
2020-10-24,DK,Denmark,EURO,860,39803,5,704
2020-10-25,DK,Denmark,EURO,819,40622,3,707
2020-10-26,DK,Denmark,EURO,916,41538,3,710
2020-10-27,DK,Denmark,EURO,1005,42543,3,713
2020-10-28,DK,Denmark,EURO,1241,43784,2,715
2020-10-29,DK,Denmark,EURO,1203,44987,3,718
2020-10-30,DK,Denmark,EURO,1012,45999,2,720
2020-10-31,DK,Denmark,EURO,1081,47080,1,721
2020-11-01,DK,Denmark,EURO,976,48056,2,723
2020-11-02,DK,Denmark,EURO,954,49010,1,724
2020-11-03,DK,Denmark,EURO,1271,50281,4,728
2020-11-04,DK,Denmark,EURO,1256,51537,3,731
2020-11-05,DK,Denmark,EURO,1241,52778,5,736
2020-11-06,DK,Denmark,EURO,1028,53806,3,739
2020-11-07,DK,Denmark,EURO,959,54765,4,743
2020-11-08,DK,Denmark,EURO,844,55609,1,744
2020-11-09,DK,Denmark,EURO,737,56346,4,748
2020-11-10,DK,Denmark,EURO,1043,57389,4,752
2020-11-11,DK,Denmark,EURO,1053,58442,2,754
2020-11-12,DK,Denmark,EURO,1088,59530,1,755
2020-11-13,DK,Denmark,EURO,1052,60582,1,756
2020-11-14,DK,Denmark,EURO,1148,61730,1,757
2020-11-15,DK,Denmark,EURO,1043,62773,5,762
2020-11-16,DK,Denmark,EURO,989,63762,3,765
2020-11-17,DK,Denmark,EURO,1251,65013,4,769
2020-11-18,DK,Denmark,EURO,1328,66341,3,772
2020-11-19,DK,Denmark,EURO,1330,67671,5,777
2020-11-20,DK,Denmark,EURO,1221,68892,3,780
2020-11-21,DK,Denmark,EURO,1222,70114,4,784
2020-11-22,DK,Denmark,EURO,1001,71115,5,789
2020-11-23,DK,Denmark,EURO,1009,72124,6,795
2020-11-24,DK,Denmark,EURO,1187,73311,3,798
2020-11-25,DK,Denmark,EURO,1326,74637,6,804
2020-11-26,DK,Denmark,EURO,1313,75950,8,812
2020-11-27,DK,Denmark,EURO,1255,77205,4,816
2020-11-28,DK,Denmark,EURO,1308,78513,8,824
2020-11-29,DK,Denmark,EURO,1151,79664,6,830
2020-11-30,DK,Denmark,EURO,1173,80837,11,841
2020-12-01,DK,Denmark,EURO,1531,82368,7,848
2020-12-02,DK,Denmark,EURO,1712,84080,10,858
2020-12-03,DK,Denmark,EURO,1876,85956,6,864
2020-12-04,DK,Denmark,EURO,1906,87862,11,875
2020-12-05,DK,Denmark,EURO,2017,89879,7,882
2020-12-06,DK,Denmark,EURO,1715,91594,10,892
2020-12-07,DK,Denmark,EURO,1976,93570,9,901
2020-12-08,DK,Denmark,EURO,2750,96320,6,907
2020-12-09,DK,Denmark,EURO,3123,99443,7,914
2020-12-10,DK,Denmark,EURO,3188,102631,10,924
2020-12-11,DK,Denmark,EURO,3281,105912,7,931
2020-12-12,DK,Denmark,EURO,3293,109205,7,938
2020-12-13,DK,Denmark,EURO,3088,112293,8,946
2020-12-14,DK,Denmark,EURO,3166,115459,11,957
2020-12-15,DK,Denmark,EURO,3985,119444,11,968
2020-12-16,DK,Denmark,EURO,4290,123734,16,984
2020-12-17,DK,Denmark,EURO,4387,128121,14,998
2020-12-18,DK,Denmark,EURO,3611,131732,15,1013
2020-12-19,DK,Denmark,EURO,3130,134862,11,1024
2020-12-20,DK,Denmark,EURO,2754,137616,20,1044
2020-12-21,DK,Denmark,EURO,2453,140069,19,1063
2020-12-22,DK,Denmark,EURO,3099,143168,19,1082
2020-12-23,DK,Denmark,EURO,2867,146035,21,1103
2020-12-24,DK,Denmark,EURO,3075,149110,19,1122
2020-12-25,DK,Denmark,EURO,1472,150582,22,1144
2020-12-26,DK,Denmark,EURO,1586,152168,21,1165
2020-12-27,DK,Denmark,EURO,2684,154852,26,1191
2020-12-28,DK,Denmark,EURO,2184,157036,29,1220
2020-12-29,DK,Denmark,EURO,3062,160098,25,1245
2020-12-30,DK,Denmark,EURO,2475,162573,39,1284
2020-12-31,DK,Denmark,EURO,2768,165341,35,1319
2021-01-01,DK,Denmark,EURO,1227,166568,40,1359
2021-01-02,DK,Denmark,EURO,1203,167771,33,1392
2021-01-03,DK,Denmark,EURO,2046,169817,33,1425
2021-01-04,DK,Denmark,EURO,1670,171487,28,1453
2021-01-05,DK,Denmark,EURO,2479,173966,27,1480
2021-01-06,DK,Denmark,EURO,1929,175895,21,1501
2021-01-07,DK,Denmark,EURO,1657,177552,36,1537
2021-01-08,DK,Denmark,EURO,1588,179140,29,1566
2021-01-09,DK,Denmark,EURO,1432,180572,26,1592
2021-01-10,DK,Denmark,EURO,1193,181765,23,1615
2021-01-11,DK,Denmark,EURO,990,182755,36,1651
2021-01-12,DK,Denmark,EURO,1353,184108,25,1676
2021-01-13,DK,Denmark,EURO,1261,185369,38,1714
2021-01-14,DK,Denmark,EURO,1116,186485,30,1744
2021-01-15,DK,Denmark,EURO,1007,187492,29,1773
2021-01-16,DK,Denmark,EURO,855,188347,26,1799
2021-01-17,DK,Denmark,EURO,719,189066,31,1830
2021-01-18,DK,Denmark,EURO,677,189743,29,1859
2021-01-19,DK,Denmark,EURO,931,190674,29,1888
2021-01-20,DK,Denmark,EURO,914,191588,39,1927
2021-01-21,DK,Denmark,EURO,776,192364,29,1956
2021-01-22,DK,Denmark,EURO,857,193221,27,1983
2021-01-23,DK,Denmark,EURO,715,193936,24,2007
2021-01-24,DK,Denmark,EURO,590,194526,26,2033
2021-01-25,DK,Denmark,EURO,514,195040,20,2053
2021-01-26,DK,Denmark,EURO,722,195762,25,2078
2021-01-27,DK,Denmark,EURO,683,196445,20,2098
2021-01-28,DK,Denmark,EURO,532,196977,17,2115
2021-01-29,DK,Denmark,EURO,502,197479,19,2134
2021-01-30,DK,Denmark,EURO,406,197885,19,2153
2021-01-31,DK,Denmark,EURO,361,198246,19,2172
2021-02-01,DK,Denmark,EURO,389,198635,17,2189
2021-02-02,DK,Denmark,EURO,506,199141,13,2202
2021-02-03,DK,Denmark,EURO,488,199629,10,2212
2021-02-04,DK,Denmark,EURO,428,200057,17,2229
2021-02-05,DK,Denmark,EURO,441,200498,14,2243
2021-02-06,DK,Denmark,EURO,408,200906,11,2254
2021-02-07,DK,Denmark,EURO,434,201340,7,2261
2021-02-08,DK,Denmark,EURO,389,201729,8,2269
2021-02-09,DK,Denmark,EURO,442,202171,13,2282
2021-02-10,DK,Denmark,EURO,460,202631,16,2298
2021-02-11,DK,Denmark,EURO,448,203079,12,2310
2021-02-12,DK,Denmark,EURO,377,203456,9,2319
2021-02-13,DK,Denmark,EURO,319,203775,7,2326
2021-02-14,DK,Denmark,EURO,332,204107,9,2335
2021-02-15,DK,Denmark,EURO,341,204448,5,2340
2021-02-16,DK,Denmark,EURO,405,204853,7,2347
2021-02-17,DK,Denmark,EURO,527,205380,3,2350
2021-02-18,DK,Denmark,EURO,509,205889,6,2356
2021-02-19,DK,Denmark,EURO,549,206438,9,2365
2021-02-20,DK,Denmark,EURO,466,206904,4,2369
2021-02-21,DK,Denmark,EURO,434,207338,5,2374
2021-02-22,DK,Denmark,EURO,474,207812,5,2379
2021-02-23,DK,Denmark,EURO,593,208405,0,2379
2021-02-24,DK,Denmark,EURO,614,209019,2,2381
2021-02-25,DK,Denmark,EURO,540,209559,7,2388
2021-02-26,DK,Denmark,EURO,547,210106,1,2389
2021-02-27,DK,Denmark,EURO,493,210599,4,2393
2021-02-28,DK,Denmark,EURO,425,211024,4,2397
2021-03-01,DK,Denmark,EURO,479,211503,3,2400
2021-03-02,DK,Denmark,EURO,597,212100,1,2401
2021-03-03,DK,Denmark,EURO,603,212703,4,2405
2021-03-04,DK,Denmark,EURO,548,213251,3,2408
2021-03-05,DK,Denmark,EURO,489,213740,2,2410
2021-03-06,DK,Denmark,EURO,473,214213,0,2410
2021-03-07,DK,Denmark,EURO,457,214670,2,2412
2021-03-08,DK,Denmark,EURO,459,215129,2,2414
2021-03-09,DK,Denmark,EURO,602,215731,0,2414
2021-03-10,DK,Denmark,EURO,642,216373,2,2416
2021-03-11,DK,Denmark,EURO,546,216919,3,2419
2021-03-12,DK,Denmark,EURO,588,217507,3,2422
2021-03-13,DK,Denmark,EURO,491,217998,2,2424
2021-03-14,DK,Denmark,EURO,464,218462,1,2425
2021-03-15,DK,Denmark,EURO,488,218950,2,2427
2021-03-16,DK,Denmark,EURO,644,219594,2,2429
2021-03-17,DK,Denmark,EURO,752,220346,0,2429
2021-03-18,DK,Denmark,EURO,672,221018,2,2431
2021-03-19,DK,Denmark,EURO,654,221672,0,2431
2021-03-20,DK,Denmark,EURO,647,222319,3,2434
2021-03-21,DK,Denmark,EURO,587,222906,0,2434
2021-03-22,DK,Denmark,EURO,567,223473,1,2435
2021-03-23,DK,Denmark,EURO,790,224263,1,2436
2021-03-24,DK,Denmark,EURO,804,225067,1,2437
2021-03-25,DK,Denmark,EURO,793,225860,8,2445
2021-03-26,DK,Denmark,EURO,651,226511,0,2445
2021-03-27,DK,Denmark,EURO,702,227213,2,2447
2021-03-28,DK,Denmark,EURO,674,227887,1,2448
2021-03-29,DK,Denmark,EURO,614,228501,0,2448
2021-03-30,DK,Denmark,EURO,765,229266,1,2449
2021-03-31,DK,Denmark,EURO,677,229943,3,2452
2021-04-01,DK,Denmark,EURO,693,230636,4,2456
2021-04-02,DK,Denmark,EURO,713,231349,1,2457
2021-04-03,DK,Denmark,EURO,554,231903,4,2461
2021-04-04,DK,Denmark,EURO,519,232422,1,2462
2021-04-05,DK,Denmark,EURO,467,232889,1,2463
2021-04-06,DK,Denmark,EURO,558,233447,3,2466
2021-04-07,DK,Denmark,EURO,706,234153,1,2467
2021-04-08,DK,Denmark,EURO,709,234862,1,2468
2021-04-09,DK,Denmark,EURO,713,235575,2,2470
2021-04-10,DK,Denmark,EURO,725,236300,2,2472
2021-04-11,DK,Denmark,EURO,548,236848,2,2474
2021-04-12,DK,Denmark,EURO,532,237380,3,2477
2021-04-13,DK,Denmark,EURO,760,238140,3,2480
2021-04-14,DK,Denmark,EURO,739,238879,0,2480
2021-04-15,DK,Denmark,EURO,694,239573,2,2482
2021-04-16,DK,Denmark,EURO,732,240305,2,2484
2021-04-17,DK,Denmark,EURO,706,241011,5,2489
2021-04-18,DK,Denmark,EURO,652,241663,3,2492
2021-04-19,DK,Denmark,EURO,716,242379,3,2495
2021-04-20,DK,Denmark,EURO,862,243241,2,2497
2021-04-21,DK,Denmark,EURO,848,244089,3,2500
2021-04-22,DK,Denmark,EURO,659,244748,4,2504
2021-04-23,DK,Denmark,EURO,620,245368,3,2507
2021-04-24,DK,Denmark,EURO,626,245994,1,2508
2021-04-25,DK,Denmark,EURO,568,246562,2,2510
2021-04-26,DK,Denmark,EURO,597,247159,1,2511
2021-04-27,DK,Denmark,EURO,772,247931,1,2512
2021-04-28,DK,Denmark,EURO,893,248824,3,2515
2021-04-29,DK,Denmark,EURO,808,249632,2,2517
2021-04-30,DK,Denmark,EURO,800,250432,2,2519
2021-05-01,DK,Denmark,EURO,756,251188,3,2522
2021-05-02,DK,Denmark,EURO,689,251877,1,2523
2021-05-03,DK,Denmark,EURO,712,252589,1,2524
2021-05-04,DK,Denmark,EURO,1021,253610,0,2524
2021-05-05,DK,Denmark,EURO,973,254583,2,2526
2021-05-06,DK,Denmark,EURO,1055,255638,1,2527
2021-05-07,DK,Denmark,EURO,887,256525,1,2528
2021-05-08,DK,Denmark,EURO,901,257426,2,2530
2021-05-09,DK,Denmark,EURO,848,258274,0,2530
2021-05-10,DK,Denmark,EURO,802,259076,0,2530
2021-05-11,DK,Denmark,EURO,1130,260206,2,2532
2021-05-12,DK,Denmark,EURO,1300,261506,0,2532
2021-05-13,DK,Denmark,EURO,1157,262663,0,2532
2021-05-14,DK,Denmark,EURO,905,263568,0,2532
2021-05-15,DK,Denmark,EURO,872,264440,3,2535
2021-05-16,DK,Denmark,EURO,941,265381,1,2536
2021-05-17,DK,Denmark,EURO,920,266301,1,2537
2021-05-18,DK,Denmark,EURO,1150,267451,1,2538
2021-05-19,DK,Denmark,EURO,1156,268607,0,2538
2021-05-20,DK,Denmark,EURO,1138,269745,1,2539
2021-05-21,DK,Denmark,EURO,1017,270762,0,2539
2021-05-22,DK,Denmark,EURO,829,271591,1,2540
2021-05-23,DK,Denmark,EURO,785,272376,1,2541
2021-05-24,DK,Denmark,EURO,801,273177,1,2542
2021-05-25,DK,Denmark,EURO,860,274037,1,2543
2021-05-26,DK,Denmark,EURO,1100,275137,1,2544
2021-05-27,DK,Denmark,EURO,1199,276336,2,2546
2021-05-28,DK,Denmark,EURO,997,277333,1,2547
2021-05-29,DK,Denmark,EURO,923,278256,2,2549
2021-05-30,DK,Denmark,EURO,815,279071,0,2549
2021-05-31,DK,Denmark,EURO,823,279894,0,2549
2021-06-01,DK,Denmark,EURO,1016,280910,0,2549
2021-06-02,DK,Denmark,EURO,1103,282013,1,2550
2021-06-03,DK,Denmark,EURO,929,282942,0,2550
2021-06-04,DK,Denmark,EURO,751,283693,0,2550
2021-06-05,DK,Denmark,EURO,706,284399,1,2551
2021-06-06,DK,Denmark,EURO,624,285023,0,2551
2021-06-07,DK,Denmark,EURO,546,285569,2,2553
2021-06-08,DK,Denmark,EURO,622,286191,0,2553
2021-06-09,DK,Denmark,EURO,513,286704,0,2553
2021-06-10,DK,Denmark,EURO,482,287186,3,2556
2021-06-11,DK,Denmark,EURO,419,287605,2,2558
2021-06-12,DK,Denmark,EURO,316,287921,1,2559
2021-06-13,DK,Denmark,EURO,248,288169,0,2559
2021-06-14,DK,Denmark,EURO,229,288398,1,2560
2021-06-15,DK,Denmark,EURO,311,288709,2,2562
2021-06-16,DK,Denmark,EURO,308,289017,0,2562
2021-06-17,DK,Denmark,EURO,288,289305,0,2562
2021-06-18,DK,Denmark,EURO,213,289518,0,2562
2021-06-19,DK,Denmark,EURO,203,289721,1,2563
2021-06-20,DK,Denmark,EURO,173,289894,1,2564
2021-06-21,DK,Denmark,EURO,161,290055,0,2564
2021-06-22,DK,Denmark,EURO,189,290244,0,2564
2021-06-23,DK,Denmark,EURO,175,290419,0,2564
2021-06-24,DK,Denmark,EURO,206,290625,0,2564
2021-06-25,DK,Denmark,EURO,213,290838,0,2564
2021-06-26,DK,Denmark,EURO,191,291029,1,2565
2021-06-27,DK,Denmark,EURO,145,291174,1,2566
2021-06-28,DK,Denmark,EURO,186,291360,1,2567
2021-06-29,DK,Denmark,EURO,289,291649,1,2568
2021-06-30,DK,Denmark,EURO,398,292047,0,2568
2021-07-01,DK,Denmark,EURO,480,292527,0,2568
2021-07-02,DK,Denmark,EURO,387,292914,2,2570
2021-07-03,DK,Denmark,EURO,373,293287,0,2570
2021-07-04,DK,Denmark,EURO,355,293642,0,2570
2021-07-05,DK,Denmark,EURO,405,294047,1,2571
2021-07-06,DK,Denmark,EURO,677,294724,0,2571
2021-07-07,DK,Denmark,EURO,660,295384,0,2571
2021-07-08,DK,Denmark,EURO,618,296002,0,2571
2021-07-09,DK,Denmark,EURO,543,296545,0,2571
2021-07-10,DK,Denmark,EURO,567,297112,1,2572
2021-07-11,DK,Denmark,EURO,655,297767,0,2572
2021-07-12,DK,Denmark,EURO,923,298690,0,2572
2021-07-13,DK,Denmark,EURO,1112,299802,0,2572
2021-07-14,DK,Denmark,EURO,1218,301020,0,2572
2021-07-15,DK,Denmark,EURO,1190,302210,2,2574
2021-07-16,DK,Denmark,EURO,1037,303247,1,2575
2021-07-17,DK,Denmark,EURO,809,304056,0,2575
2021-07-18,DK,Denmark,EURO,778,304834,0,2575
2021-07-19,DK,Denmark,EURO,722,305556,0,2575
2021-07-20,DK,Denmark,EURO,854,306410,0,2575
2021-07-21,DK,Denmark,EURO,809,307219,1,2576
2021-07-22,DK,Denmark,EURO,800,308019,0,2576
2021-07-23,DK,Denmark,EURO,700,308719,0,2576
2021-07-24,DK,Denmark,EURO,732,309451,0,2576
2021-07-25,DK,Denmark,EURO,635,310086,0,2576
2021-07-26,DK,Denmark,EURO,771,310857,2,2578
2021-07-27,DK,Denmark,EURO,1029,311886,2,2580
2021-07-28,DK,Denmark,EURO,966,312852,0,2580
2021-07-29,DK,Denmark,EURO,985,313837,1,2581
2021-07-30,DK,Denmark,EURO,887,314724,1,2582
2021-07-31,DK,Denmark,EURO,847,315571,0,2582
2021-08-01,DK,Denmark,EURO,750,316321,1,2583
2021-08-02,DK,Denmark,EURO,836,317157,0,2583
2021-08-03,DK,Denmark,EURO,910,318067,0,2583
2021-08-04,DK,Denmark,EURO,885,318952,1,2584
2021-08-05,DK,Denmark,EURO,922,319874,1,2585
2021-08-06,DK,Denmark,EURO,930,320804,0,2585
2021-08-07,DK,Denmark,EURO,914,321718,0,2585
2021-08-08,DK,Denmark,EURO,850,322568,1,2586
2021-08-09,DK,Denmark,EURO,983,323551,1,2587
2021-08-10,DK,Denmark,EURO,1097,324648,1,2588
2021-08-11,DK,Denmark,EURO,1082,325730,2,2590
2021-08-12,DK,Denmark,EURO,990,326720,0,2590
2021-08-13,DK,Denmark,EURO,1002,327722,3,2593
2021-08-14,DK,Denmark,EURO,966,328688,1,2594
2021-08-15,DK,Denmark,EURO,834,329522,0,2594
2021-08-16,DK,Denmark,EURO,943,330465,1,2595
2021-08-17,DK,Denmark,EURO,1103,331568,1,2596
2021-08-18,DK,Denmark,EURO,1027,332595,1,2597
2021-08-19,DK,Denmark,EURO,980,333575,1,2598
2021-08-20,DK,Denmark,EURO,1026,334601,1,2599
2021-08-21,DK,Denmark,EURO,993,335594,1,2600
2021-08-22,DK,Denmark,EURO,774,336368,2,2602
2021-08-23,DK,Denmark,EURO,996,337364,1,2603
2021-08-24,DK,Denmark,EURO,1055,338419,2,2605
2021-08-25,DK,Denmark,EURO,1015,339434,1,2606
2021-08-26,DK,Denmark,EURO,960,340394,1,2607
2021-08-27,DK,Denmark,EURO,1035,341429,2,2609
2021-08-28,DK,Denmark,EURO,743,342172,3,2612
2021-08-29,DK,Denmark,EURO,675,342847,2,2614
2021-08-30,DK,Denmark,EURO,781,343628,2,2616
2021-08-31,DK,Denmark,EURO,910,344538,1,2617
2021-09-01,DK,Denmark,EURO,822,345360,0,2617
2021-09-02,DK,Denmark,EURO,722,346082,1,2618
2021-09-03,DK,Denmark,EURO,590,346672,4,2622
2021-09-04,DK,Denmark,EURO,540,347212,1,2623
2021-09-05,DK,Denmark,EURO,422,347634,0,2623
2021-09-06,DK,Denmark,EURO,479,348113,2,2625
2021-09-07,DK,Denmark,EURO,592,348705,4,2629
2021-09-08,DK,Denmark,EURO,612,349317,4,2633
2021-09-09,DK,Denmark,EURO,502,349819,6,2639
2021-09-10,DK,Denmark,EURO,495,350314,4,2643
2021-09-11,DK,Denmark,EURO,382,350696,2,2645
2021-09-12,DK,Denmark,EURO,314,351010,1,2646
2021-09-13,DK,Denmark,EURO,333,351343,2,2648
2021-09-14,DK,Denmark,EURO,413,351756,0,2648
2021-09-15,DK,Denmark,EURO,347,352103,3,2651
2021-09-16,DK,Denmark,EURO,317,352420,3,2654
2021-09-17,DK,Denmark,EURO,308,352728,4,2658
2021-09-18,DK,Denmark,EURO,312,353040,1,2659
2021-09-19,DK,Denmark,EURO,209,353249,3,2662
2021-09-20,DK,Denmark,EURO,271,353520,3,2665
2021-09-21,DK,Denmark,EURO,380,353900,3,2668
2021-09-22,DK,Denmark,EURO,341,354241,1,2669
2021-09-23,DK,Denmark,EURO,357,354598,4,2673
2021-09-24,DK,Denmark,EURO,370,354968,2,2675
2021-09-25,DK,Denmark,EURO,351,355319,2,2677
2021-09-26,DK,Denmark,EURO,337,355656,3,2680
2021-09-27,DK,Denmark,EURO,359,356015,2,2682
2021-09-28,DK,Denmark,EURO,492,356507,5,2687
2021-09-29,DK,Denmark,EURO,530,357037,2,2689
2021-09-30,DK,Denmark,EURO,411,357448,2,2691
2021-10-01,DK,Denmark,EURO,446,357894,3,2694
2021-10-02,DK,Denmark,EURO,401,358295,3,2697
2021-10-03,DK,Denmark,EURO,325,358620,1,2698
2021-10-04,DK,Denmark,EURO,409,359029,0,2698
2021-10-05,DK,Denmark,EURO,552,359581,0,2698
2021-10-06,DK,Denmark,EURO,566,360147,2,2700
2021-10-07,DK,Denmark,EURO,637,360784,2,2702
2021-10-08,DK,Denmark,EURO,656,361440,2,2704
2021-10-09,DK,Denmark,EURO,607,362047,0,2704
2021-10-10,DK,Denmark,EURO,471,362518,2,2706
2021-10-11,DK,Denmark,EURO,558,363076,2,2708
2021-10-12,DK,Denmark,EURO,760,363836,2,2710
2021-10-13,DK,Denmark,EURO,765,364601,0,2710
2021-10-14,DK,Denmark,EURO,757,365358,4,2714
2021-10-15,DK,Denmark,EURO,776,366134,1,2715
2021-10-16,DK,Denmark,EURO,658,366792,2,2717
2021-10-17,DK,Denmark,EURO,600,367392,3,2720
2021-10-18,DK,Denmark,EURO,719,368111,4,2724
2021-10-19,DK,Denmark,EURO,973,369084,1,2725
2021-10-20,DK,Denmark,EURO,1128,370212,3,2728
2021-10-21,DK,Denmark,EURO,1292,371504,2,2730
2021-10-22,DK,Denmark,EURO,1416,372920,2,2732
2021-10-23,DK,Denmark,EURO,1243,374163,1,2733
2021-10-24,DK,Denmark,EURO,1210,375373,1,2734
2021-10-25,DK,Denmark,EURO,1456,376829,0,2734
2021-10-26,DK,Denmark,EURO,1627,378456,4,2738
2021-10-27,DK,Denmark,EURO,1918,380374,3,2741
2021-10-28,DK,Denmark,EURO,1841,382215,2,2743
2021-10-29,DK,Denmark,EURO,1790,384005,1,2744
2021-10-30,DK,Denmark,EURO,1629,385634,4,2748
2021-10-31,DK,Denmark,EURO,1413,387047,3,2751
2021-11-01,DK,Denmark,EURO,1730,388777,2,2753
2021-11-02,DK,Denmark,EURO,2221,390998,0,2753
2021-11-03,DK,Denmark,EURO,2342,393340,3,2756
2021-11-04,DK,Denmark,EURO,2326,395666,3,2759
2021-11-05,DK,Denmark,EURO,2360,398026,8,2767
2021-11-06,DK,Denmark,EURO,2228,400254,3,2770
2021-11-07,DK,Denmark,EURO,1966,402220,4,2774
2021-11-08,DK,Denmark,EURO,2601,404821,4,2778
2021-11-09,DK,Denmark,EURO,3343,408164,1,2779
2021-11-10,DK,Denmark,EURO,3564,411728,3,2782
2021-11-11,DK,Denmark,EURO,3519,415247,4,2786
2021-11-12,DK,Denmark,EURO,3445,418692,4,2790
2021-11-13,DK,Denmark,EURO,2981,421673,6,2796
2021-11-14,DK,Denmark,EURO,2915,424588,9,2805
2021-11-15,DK,Denmark,EURO,3078,427666,6,2811
2021-11-16,DK,Denmark,EURO,4509,432175,9,2820
2021-11-17,DK,Denmark,EURO,4130,436305,4,2824
2021-11-18,DK,Denmark,EURO,3948,440253,3,2827
2021-11-19,DK,Denmark,EURO,4173,444426,8,2835
2021-11-20,DK,Denmark,EURO,4100,448526,8,2843
2021-11-21,DK,Denmark,EURO,3710,452236,4,2847
2021-11-22,DK,Denmark,EURO,3675,455911,4,2851
2021-11-23,DK,Denmark,EURO,4489,460400,7,2858
2021-11-24,DK,Denmark,EURO,4702,465102,11,2869
2021-11-25,DK,Denmark,EURO,4011,469113,10,2879
2021-11-26,DK,Denmark,EURO,4078,473191,12,2891
2021-11-27,DK,Denmark,EURO,4147,477338,12,2903
2021-11-28,DK,Denmark,EURO,3836,481174,9,2912
2021-11-29,DK,Denmark,EURO,3878,485052,15,2927
2021-11-30,DK,Denmark,EURO,5066,490118,9,2936
2021-12-01,DK,Denmark,EURO,5403,495521,13,2949
2021-12-02,DK,Denmark,EURO,4527,500048,5,2954
2021-12-03,DK,Denmark,EURO,4571,504619,13,2967
2021-12-04,DK,Denmark,EURO,5158,509777,12,2979
2021-12-05,DK,Denmark,EURO,5089,514866,9,2988
2021-12-06,DK,Denmark,EURO,4794,519660,7,2995
2021-12-07,DK,Denmark,EURO,7081,526741,9,3004
2021-12-08,DK,Denmark,EURO,7320,534061,7,3011
2021-12-09,DK,Denmark,EURO,6661,540722,16,3027
2021-12-10,DK,Denmark,EURO,6635,547357,8,3035
2021-12-11,DK,Denmark,EURO,6931,554288,9,3044
2021-12-12,DK,Denmark,EURO,6690,560978,11,3055
2021-12-13,DK,Denmark,EURO,7136,568114,7,3062
2021-12-14,DK,Denmark,EURO,10570,578684,10,3072
2021-12-15,DK,Denmark,EURO,10426,589110,7,3079
2021-12-16,DK,Denmark,EURO,10090,599200,11,3090
2021-12-17,DK,Denmark,EURO,10548,609748,9,3099
2021-12-18,DK,Denmark,EURO,11025,620773,14,3113
2021-12-19,DK,Denmark,EURO,10414,631187,12,3125
2021-12-20,DK,Denmark,EURO,10592,641779,13,3138
2021-12-21,DK,Denmark,EURO,13873,655652,12,3150
2021-12-22,DK,Denmark,EURO,13627,669279,11,3161
2021-12-23,DK,Denmark,EURO,12205,681484,14,3175
2021-12-24,DK,Denmark,EURO,13191,694675,16,3191
2021-12-25,DK,Denmark,EURO,7366,702041,10,3201
2021-12-26,DK,Denmark,EURO,8195,710236,11,3212
2021-12-27,DK,Denmark,EURO,11467,721703,10,3222
2021-12-28,DK,Denmark,EURO,23866,745569,8,3230
2021-12-29,DK,Denmark,EURO,23177,768746,11,3241
2021-12-30,DK,Denmark,EURO,18236,786982,8,3249
2021-12-31,DK,Denmark,EURO,20326,807308,8,3257
2022-01-01,DK,Denmark,EURO,10190,817498,9,3266
2022-01-02,DK,Denmark,EURO,9069,826567,10,3276
2022-01-03,DK,Denmark,EURO,4669,831236,3,3279
2022-01-04,DK,Denmark,EURO,8801,840037,13,3292
2022-01-05,DK,Denmark,EURO,25073,865110,15,3307
